instance,size,class,algorithm,seed,run,iter,veh,dist
c101,100,C1,QLEARNING,602351731,6,5000,10,828.937
c101,100,C1,QLEARNING,602351731,6,10000,10,828.937
c101,100,C1,QLEARNING,602351731,6,15000,10,828.937
c101,100,C1,QLEARNING,602351731,6,20000,10,828.937
c101,100,C1,QLEARNING,602351731,6,25000,10,828.937
c101,100,C1,CLASSIC,602320055,2,5000,10,828.937
c101,100,C1,CLASSIC,602320055,2,10000,10,828.937
c101,100,C1,CLASSIC,602320055,2,15000,10,828.937
c101,100,C1,CLASSIC,602320055,2,20000,10,828.937
c101,100,C1,CLASSIC,602320055,2,25000,10,828.937
c103,100,C1,QLEARNING,1307102666,2,5000,10,828.065
c103,100,C1,QLEARNING,1307102666,2,10000,10,828.065
c103,100,C1,QLEARNING,1307102666,2,15000,10,828.065
c103,100,C1,QLEARNING,1307102666,2,20000,10,828.065
c103,100,C1,QLEARNING,1307102666,2,25000,10,828.065
c103,100,C1,CLASSIC,1307110585,3,5000,10,828.065
c103,100,C1,CLASSIC,1307110585,3,10000,10,828.065
c103,100,C1,CLASSIC,1307110585,3,15000,10,828.065
c103,100,C1,CLASSIC,1307110585,3,20000,10,828.065
c103,100,C1,CLASSIC,1307110585,3,25000,10,828.065
c101,100,C1,QLEARNING,602383407,10,5000,10,828.937
c101,100,C1,QLEARNING,602383407,10,10000,10,828.937
c101,100,C1,QLEARNING,602383407,10,15000,10,828.937
c101,100,C1,QLEARNING,602383407,10,20000,10,828.937
c101,100,C1,QLEARNING,602383407,10,25000,10,828.937
c101,100,C1,CLASSIC,602335893,4,5000,10,828.937
c101,100,C1,CLASSIC,602335893,4,10000,10,828.937
c101,100,C1,CLASSIC,602335893,4,15000,10,828.937
c101,100,C1,CLASSIC,602335893,4,20000,10,828.937
c101,100,C1,CLASSIC,602335893,4,25000,10,828.937
c103,100,C1,CLASSIC,1307166018,10,5000,10,828.065
c103,100,C1,CLASSIC,1307166018,10,10000,10,828.065
c103,100,C1,CLASSIC,1307166018,10,15000,10,828.065
c103,100,C1,CLASSIC,1307166018,10,20000,10,828.065
c103,100,C1,CLASSIC,1307166018,10,25000,10,828.065
c103,100,C1,CLASSIC,1307134342,6,5000,10,828.065
c103,100,C1,CLASSIC,1307134342,6,10000,10,828.065
c103,100,C1,CLASSIC,1307134342,6,15000,10,828.065
c103,100,C1,CLASSIC,1307134342,6,20000,10,828.065
c103,100,C1,CLASSIC,1307134342,6,25000,10,828.065
c101,100,C1,QLEARNING,602343812,5,5000,10,828.937
c101,100,C1,QLEARNING,602343812,5,10000,10,828.937
c101,100,C1,QLEARNING,602343812,5,15000,10,828.937
c101,100,C1,QLEARNING,602343812,5,20000,10,828.937
c101,100,C1,QLEARNING,602343812,5,25000,10,828.937
c101,100,C1,QLEARNING,602375488,9,5000,10,828.937
c101,100,C1,QLEARNING,602375488,9,10000,10,828.937
c101,100,C1,QLEARNING,602375488,9,15000,10,828.937
c101,100,C1,QLEARNING,602375488,9,20000,10,828.937
c101,100,C1,QLEARNING,602375488,9,25000,10,828.937
c101,100,C1,QLEARNING,602359650,7,5000,10,828.937
c101,100,C1,QLEARNING,602359650,7,10000,10,828.937
c101,100,C1,QLEARNING,602359650,7,15000,10,828.937
c101,100,C1,QLEARNING,602359650,7,20000,10,828.937
c101,100,C1,QLEARNING,602359650,7,25000,10,828.937
c101,100,C1,QLEARNING,602367569,8,5000,10,828.937
c101,100,C1,QLEARNING,602367569,8,10000,10,828.937
c101,100,C1,QLEARNING,602367569,8,15000,10,828.937
c101,100,C1,QLEARNING,602367569,8,20000,10,828.937
c101,100,C1,QLEARNING,602367569,8,25000,10,828.937
c101,100,C1,QLEARNING,602320055,2,5000,10,828.937
c101,100,C1,QLEARNING,602320055,2,10000,10,828.937
c101,100,C1,QLEARNING,602320055,2,15000,10,828.937
c101,100,C1,QLEARNING,602320055,2,20000,10,828.937
c101,100,C1,QLEARNING,602320055,2,25000,10,828.937
c101,100,C1,CLASSIC,602343812,5,5000,10,828.937
c101,100,C1,CLASSIC,602343812,5,10000,10,828.937
c101,100,C1,CLASSIC,602343812,5,15000,10,828.937
c101,100,C1,CLASSIC,602343812,5,20000,10,828.937
c101,100,C1,CLASSIC,602343812,5,25000,10,828.937
c101,100,C1,QLEARNING,602335893,4,5000,10,828.937
c101,100,C1,QLEARNING,602335893,4,10000,10,828.937
c101,100,C1,QLEARNING,602335893,4,15000,10,828.937
c101,100,C1,QLEARNING,602335893,4,20000,10,828.937
c101,100,C1,QLEARNING,602335893,4,25000,10,828.937
c101,100,C1,CLASSIC,602383407,10,5000,10,828.937
c101,100,C1,CLASSIC,602383407,10,10000,10,828.937
c101,100,C1,CLASSIC,602383407,10,15000,10,828.937
c101,100,C1,CLASSIC,602383407,10,20000,10,828.937
c101,100,C1,CLASSIC,602383407,10,25000,10,828.937
c101,100,C1,CLASSIC,602375488,9,5000,10,828.937
c101,100,C1,CLASSIC,602375488,9,10000,10,828.937
c101,100,C1,CLASSIC,602375488,9,15000,10,828.937
c101,100,C1,CLASSIC,602375488,9,20000,10,828.937
c101,100,C1,CLASSIC,602375488,9,25000,10,828.937
c101,100,C1,QLEARNING,602327974,3,5000,10,828.937
c101,100,C1,QLEARNING,602327974,3,10000,10,828.937
c101,100,C1,QLEARNING,602327974,3,15000,10,828.937
c101,100,C1,QLEARNING,602327974,3,20000,10,828.937
c101,100,C1,QLEARNING,602327974,3,25000,10,828.937
c101,100,C1,CLASSIC,602327974,3,5000,10,828.937
c101,100,C1,CLASSIC,602327974,3,10000,10,828.937
c101,100,C1,CLASSIC,602327974,3,15000,10,828.937
c101,100,C1,CLASSIC,602327974,3,20000,10,828.937
c101,100,C1,CLASSIC,602327974,3,25000,10,828.937
c101,100,C1,CLASSIC,602351731,6,5000,10,828.937
c101,100,C1,CLASSIC,602351731,6,10000,10,828.937
c101,100,C1,CLASSIC,602351731,6,15000,10,828.937
c101,100,C1,CLASSIC,602351731,6,20000,10,828.937
c101,100,C1,CLASSIC,602351731,6,25000,10,828.937
c103,100,C1,CLASSIC,1307118504,4,5000,10,828.065
c103,100,C1,CLASSIC,1307118504,4,10000,10,828.065
c103,100,C1,CLASSIC,1307118504,4,15000,10,828.065
c103,100,C1,CLASSIC,1307118504,4,20000,10,828.065
c103,100,C1,CLASSIC,1307118504,4,25000,10,828.065
c103,100,C1,QLEARNING,1307166018,10,5000,10,828.065
c103,100,C1,QLEARNING,1307166018,10,10000,10,828.065
c103,100,C1,QLEARNING,1307166018,10,15000,10,828.065
c103,100,C1,QLEARNING,1307166018,10,20000,10,828.065
c103,100,C1,QLEARNING,1307166018,10,25000,10,828.065
c101,100,C1,CLASSIC,602312136,1,5000,10,828.937
c101,100,C1,CLASSIC,602312136,1,10000,10,828.937
c101,100,C1,CLASSIC,602312136,1,15000,10,828.937
c101,100,C1,CLASSIC,602312136,1,20000,10,828.937
c101,100,C1,CLASSIC,602312136,1,25000,10,828.937
c103,100,C1,QLEARNING,1307134342,6,5000,10,828.065
c103,100,C1,QLEARNING,1307134342,6,10000,10,828.065
c103,100,C1,QLEARNING,1307134342,6,15000,10,828.065
c103,100,C1,QLEARNING,1307134342,6,20000,10,828.065
c103,100,C1,QLEARNING,1307134342,6,25000,10,828.065
c102,100,C1,QLEARNING,988845782,8,5000,10,828.937
c102,100,C1,QLEARNING,988845782,8,10000,10,828.937
c102,100,C1,QLEARNING,988845782,8,15000,10,828.937
c102,100,C1,QLEARNING,988845782,8,20000,10,828.937
c102,100,C1,QLEARNING,988845782,8,25000,10,828.937
c102,100,C1,QLEARNING,988822025,5,5000,10,828.937
c102,100,C1,QLEARNING,988822025,5,10000,10,828.937
c102,100,C1,QLEARNING,988822025,5,15000,10,828.937
c102,100,C1,QLEARNING,988822025,5,20000,10,828.937
c102,100,C1,QLEARNING,988822025,5,25000,10,828.937
c103,100,C1,CLASSIC,1307094747,1,5000,10,829.942
c103,100,C1,CLASSIC,1307094747,1,10000,10,828.065
c103,100,C1,CLASSIC,1307094747,1,15000,10,828.065
c103,100,C1,CLASSIC,1307094747,1,20000,10,828.065
c103,100,C1,CLASSIC,1307094747,1,25000,10,828.065
c102,100,C1,CLASSIC,988814106,4,5000,10,828.937
c102,100,C1,CLASSIC,988814106,4,10000,10,828.937
c102,100,C1,CLASSIC,988814106,4,15000,10,828.937
c102,100,C1,CLASSIC,988814106,4,20000,10,828.937
c102,100,C1,CLASSIC,988814106,4,25000,10,828.937
c101,100,C1,CLASSIC,602367569,8,5000,10,828.937
c101,100,C1,CLASSIC,602367569,8,10000,10,828.937
c101,100,C1,CLASSIC,602367569,8,15000,10,828.937
c101,100,C1,CLASSIC,602367569,8,20000,10,828.937
c101,100,C1,CLASSIC,602367569,8,25000,10,828.937
c102,100,C1,CLASSIC,988829944,6,5000,10,828.937
c102,100,C1,CLASSIC,988829944,6,10000,10,828.937
c102,100,C1,CLASSIC,988829944,6,15000,10,828.937
c102,100,C1,CLASSIC,988829944,6,20000,10,828.937
c102,100,C1,CLASSIC,988829944,6,25000,10,828.937
c103,100,C1,QLEARNING,1307110585,3,5000,10,828.065
c103,100,C1,QLEARNING,1307110585,3,10000,10,828.065
c103,100,C1,QLEARNING,1307110585,3,15000,10,828.065
c103,100,C1,QLEARNING,1307110585,3,20000,10,828.065
c103,100,C1,QLEARNING,1307110585,3,25000,10,828.065
c102,100,C1,QLEARNING,988790349,1,5000,10,828.937
c102,100,C1,QLEARNING,988790349,1,10000,10,828.937
c102,100,C1,QLEARNING,988790349,1,15000,10,828.937
c102,100,C1,QLEARNING,988790349,1,20000,10,828.937
c102,100,C1,QLEARNING,988790349,1,25000,10,828.937
c102,100,C1,CLASSIC,988861620,10,5000,10,828.937
c102,100,C1,CLASSIC,988861620,10,10000,10,828.937
c102,100,C1,CLASSIC,988861620,10,15000,10,828.937
c102,100,C1,CLASSIC,988861620,10,20000,10,828.937
c102,100,C1,CLASSIC,988861620,10,25000,10,828.937
c103,100,C1,QLEARNING,1307126423,5,5000,10,828.065
c103,100,C1,QLEARNING,1307126423,5,10000,10,828.065
c103,100,C1,QLEARNING,1307126423,5,15000,10,828.065
c103,100,C1,QLEARNING,1307126423,5,20000,10,828.065
c103,100,C1,QLEARNING,1307126423,5,25000,10,828.065
c102,100,C1,QLEARNING,988806187,3,5000,10,828.937
c102,100,C1,QLEARNING,988806187,3,10000,10,828.937
c102,100,C1,QLEARNING,988806187,3,15000,10,828.937
c102,100,C1,QLEARNING,988806187,3,20000,10,828.937
c102,100,C1,QLEARNING,988806187,3,25000,10,828.937
c102,100,C1,CLASSIC,988790349,1,5000,10,828.937
c102,100,C1,CLASSIC,988790349,1,10000,10,828.937
c102,100,C1,CLASSIC,988790349,1,15000,10,828.937
c102,100,C1,CLASSIC,988790349,1,20000,10,828.937
c102,100,C1,CLASSIC,988790349,1,25000,10,828.937
c102,100,C1,CLASSIC,988837863,7,5000,10,828.937
c102,100,C1,CLASSIC,988837863,7,10000,10,828.937
c102,100,C1,CLASSIC,988837863,7,15000,10,828.937
c102,100,C1,CLASSIC,988837863,7,20000,10,828.937
c102,100,C1,CLASSIC,988837863,7,25000,10,828.937
c102,100,C1,CLASSIC,988798268,2,5000,10,828.937
c102,100,C1,CLASSIC,988798268,2,10000,10,828.937
c102,100,C1,CLASSIC,988798268,2,15000,10,828.937
c102,100,C1,CLASSIC,988798268,2,20000,10,828.937
c102,100,C1,CLASSIC,988798268,2,25000,10,828.937
c102,100,C1,QLEARNING,988837863,7,5000,10,828.937
c102,100,C1,QLEARNING,988837863,7,10000,10,828.937
c102,100,C1,QLEARNING,988837863,7,15000,10,828.937
c102,100,C1,QLEARNING,988837863,7,20000,10,828.937
c102,100,C1,QLEARNING,988837863,7,25000,10,828.937
c102,100,C1,CLASSIC,988845782,8,5000,10,828.937
c102,100,C1,CLASSIC,988845782,8,10000,10,828.937
c102,100,C1,CLASSIC,988845782,8,15000,10,828.937
c102,100,C1,CLASSIC,988845782,8,20000,10,828.937
c102,100,C1,CLASSIC,988845782,8,25000,10,828.937
c102,100,C1,QLEARNING,988798268,2,5000,10,828.937
c102,100,C1,QLEARNING,988798268,2,10000,10,828.937
c102,100,C1,QLEARNING,988798268,2,15000,10,828.937
c102,100,C1,QLEARNING,988798268,2,20000,10,828.937
c102,100,C1,QLEARNING,988798268,2,25000,10,828.937
c103,100,C1,QLEARNING,1307094747,1,5000,10,828.065
c103,100,C1,QLEARNING,1307094747,1,10000,10,828.065
c103,100,C1,QLEARNING,1307094747,1,15000,10,828.065
c103,100,C1,QLEARNING,1307094747,1,20000,10,828.065
c103,100,C1,QLEARNING,1307094747,1,25000,10,828.065
c103,100,C1,QLEARNING,1307158099,9,5000,10,828.065
c103,100,C1,QLEARNING,1307158099,9,10000,10,828.065
c103,100,C1,QLEARNING,1307158099,9,15000,10,828.065
c103,100,C1,QLEARNING,1307158099,9,20000,10,828.065
c103,100,C1,QLEARNING,1307158099,9,25000,10,828.065
c103,100,C1,CLASSIC,1307158099,9,5000,10,828.065
c103,100,C1,CLASSIC,1307158099,9,10000,10,828.065
c103,100,C1,CLASSIC,1307158099,9,15000,10,828.065
c103,100,C1,CLASSIC,1307158099,9,20000,10,828.065
c103,100,C1,CLASSIC,1307158099,9,25000,10,828.065
c103,100,C1,QLEARNING,1307150180,8,5000,10,828.065
c103,100,C1,QLEARNING,1307150180,8,10000,10,828.065
c103,100,C1,QLEARNING,1307150180,8,15000,10,828.065
c103,100,C1,QLEARNING,1307150180,8,20000,10,828.065
c103,100,C1,QLEARNING,1307150180,8,25000,10,828.065
c103,100,C1,QLEARNING,1307118504,4,5000,10,828.065
c103,100,C1,QLEARNING,1307118504,4,10000,10,828.065
c103,100,C1,QLEARNING,1307118504,4,15000,10,828.065
c103,100,C1,QLEARNING,1307118504,4,20000,10,828.065
c103,100,C1,QLEARNING,1307118504,4,25000,10,828.065
c103,100,C1,QLEARNING,1307142261,7,5000,10,828.065
c103,100,C1,QLEARNING,1307142261,7,10000,10,828.065
c103,100,C1,QLEARNING,1307142261,7,15000,10,828.065
c103,100,C1,QLEARNING,1307142261,7,20000,10,828.065
c103,100,C1,QLEARNING,1307142261,7,25000,10,828.065
c103,100,C1,CLASSIC,1307150180,8,5000,10,828.065
c103,100,C1,CLASSIC,1307150180,8,10000,10,828.065
c103,100,C1,CLASSIC,1307150180,8,15000,10,828.065
c103,100,C1,CLASSIC,1307150180,8,20000,10,828.065
c103,100,C1,CLASSIC,1307150180,8,25000,10,828.065
c101,100,C1,CLASSIC,602359650,7,5000,10,828.937
c101,100,C1,CLASSIC,602359650,7,10000,10,828.937
c101,100,C1,CLASSIC,602359650,7,15000,10,828.937
c101,100,C1,CLASSIC,602359650,7,20000,10,828.937
c101,100,C1,CLASSIC,602359650,7,25000,10,828.937
c103,100,C1,CLASSIC,1307142261,7,5000,10,828.065
c103,100,C1,CLASSIC,1307142261,7,10000,10,828.065
c103,100,C1,CLASSIC,1307142261,7,15000,10,828.065
c103,100,C1,CLASSIC,1307142261,7,20000,10,828.065
c103,100,C1,CLASSIC,1307142261,7,25000,10,828.065
c104,100,C1,CLASSIC,1401763880,2,5000,10,861.053
c104,100,C1,CLASSIC,1401763880,2,10000,10,854.804
c104,100,C1,CLASSIC,1401763880,2,15000,10,848.933
c104,100,C1,CLASSIC,1401763880,2,20000,10,848.933
c104,100,C1,CLASSIC,1401763880,2,25000,10,848.933
c103,100,C1,CLASSIC,1307102666,2,5000,10,828.065
c103,100,C1,CLASSIC,1307102666,2,10000,10,828.065
c103,100,C1,CLASSIC,1307102666,2,15000,10,828.065
c103,100,C1,CLASSIC,1307102666,2,20000,10,828.065
c103,100,C1,CLASSIC,1307102666,2,25000,10,828.065
c101,100,C1,QLEARNING,602312136,1,5000,10,828.937
c101,100,C1,QLEARNING,602312136,1,10000,10,828.937
c101,100,C1,QLEARNING,602312136,1,15000,10,828.937
c101,100,C1,QLEARNING,602312136,1,20000,10,828.937
c101,100,C1,QLEARNING,602312136,1,25000,10,828.937
c103,100,C1,CLASSIC,1307126423,5,5000,10,828.065
c103,100,C1,CLASSIC,1307126423,5,10000,10,828.065
c103,100,C1,CLASSIC,1307126423,5,15000,10,828.065
c103,100,C1,CLASSIC,1307126423,5,20000,10,828.065
c103,100,C1,CLASSIC,1307126423,5,25000,10,828.065
c102,100,C1,CLASSIC,988806187,3,5000,10,828.937
c102,100,C1,CLASSIC,988806187,3,10000,10,828.937
c102,100,C1,CLASSIC,988806187,3,15000,10,828.937
c102,100,C1,CLASSIC,988806187,3,20000,10,828.937
c102,100,C1,CLASSIC,988806187,3,25000,10,828.937
c102,100,C1,CLASSIC,988853701,9,5000,10,828.937
c102,100,C1,CLASSIC,988853701,9,10000,10,828.937
c102,100,C1,CLASSIC,988853701,9,15000,10,828.937
c102,100,C1,CLASSIC,988853701,9,20000,10,828.937
c102,100,C1,CLASSIC,988853701,9,25000,10,828.937
c104,100,C1,CLASSIC,1401771799,3,5000,10,861.151
c104,100,C1,CLASSIC,1401771799,3,10000,10,860.063
c104,100,C1,CLASSIC,1401771799,3,15000,10,839.146
c104,100,C1,CLASSIC,1401771799,3,20000,10,837.197
c104,100,C1,CLASSIC,1401771799,3,25000,10,837.197
c102,100,C1,QLEARNING,988853701,9,5000,10,828.937
c102,100,C1,QLEARNING,988853701,9,10000,10,828.937
c102,100,C1,QLEARNING,988853701,9,15000,10,828.937
c102,100,C1,QLEARNING,988853701,9,20000,10,828.937
c102,100,C1,QLEARNING,988853701,9,25000,10,828.937
c104,100,C1,CLASSIC,1401787637,5,5000,10,848.231
c104,100,C1,CLASSIC,1401787637,5,10000,10,847.052
c104,100,C1,CLASSIC,1401787637,5,15000,10,847.052
c104,100,C1,CLASSIC,1401787637,5,20000,10,847.052
c104,100,C1,CLASSIC,1401787637,5,25000,10,847.052
c102,100,C1,QLEARNING,988861620,10,5000,10,828.937
c102,100,C1,QLEARNING,988861620,10,10000,10,828.937
c102,100,C1,QLEARNING,988861620,10,15000,10,828.937
c102,100,C1,QLEARNING,988861620,10,20000,10,828.937
c102,100,C1,QLEARNING,988861620,10,25000,10,828.937
c104,100,C1,CLASSIC,1401755961,1,5000,10,838.814
c104,100,C1,CLASSIC,1401755961,1,10000,10,833.428
c104,100,C1,CLASSIC,1401755961,1,15000,10,833.428
c104,100,C1,CLASSIC,1401755961,1,20000,10,833.428
c104,100,C1,CLASSIC,1401755961,1,25000,10,827.519
c104,100,C1,CLASSIC,1401779718,4,5000,10,850.147
c104,100,C1,CLASSIC,1401779718,4,10000,10,824.777
c104,100,C1,CLASSIC,1401779718,4,15000,10,824.777
c104,100,C1,CLASSIC,1401779718,4,20000,10,824.777
c104,100,C1,CLASSIC,1401779718,4,25000,10,824.777
c102,100,C1,CLASSIC,988822025,5,5000,10,828.937
c102,100,C1,CLASSIC,988822025,5,10000,10,828.937
c102,100,C1,CLASSIC,988822025,5,15000,10,828.937
c102,100,C1,CLASSIC,988822025,5,20000,10,828.937
c102,100,C1,CLASSIC,988822025,5,25000,10,828.937
c102,100,C1,QLEARNING,988814106,4,5000,10,828.937
c102,100,C1,QLEARNING,988814106,4,10000,10,828.937
c102,100,C1,QLEARNING,988814106,4,15000,10,828.937
c102,100,C1,QLEARNING,988814106,4,20000,10,828.937
c102,100,C1,QLEARNING,988814106,4,25000,10,828.937
c102,100,C1,QLEARNING,988829944,6,5000,10,828.937
c102,100,C1,QLEARNING,988829944,6,10000,10,828.937
c102,100,C1,QLEARNING,988829944,6,15000,10,828.937
c102,100,C1,QLEARNING,988829944,6,20000,10,828.937
c102,100,C1,QLEARNING,988829944,6,25000,10,828.937
c105,100,C1,CLASSIC,613237031,9,5000,10,828.937
c105,100,C1,CLASSIC,613237031,9,10000,10,828.937
c105,100,C1,CLASSIC,613237031,9,15000,10,828.937
c105,100,C1,CLASSIC,613237031,9,20000,10,828.937
c105,100,C1,CLASSIC,613237031,9,25000,10,828.937
c105,100,C1,CLASSIC,613244950,10,5000,10,828.937
c105,100,C1,CLASSIC,613244950,10,10000,10,828.937
c105,100,C1,CLASSIC,613244950,10,15000,10,828.937
c105,100,C1,CLASSIC,613244950,10,20000,10,828.937
c105,100,C1,CLASSIC,613244950,10,25000,10,828.937
c104,100,C1,QLEARNING,1401755961,1,5000,10,825.99
c104,100,C1,QLEARNING,1401755961,1,10000,10,824.777
c104,100,C1,QLEARNING,1401755961,1,15000,10,824.777
c104,100,C1,QLEARNING,1401755961,1,20000,10,824.777
c104,100,C1,QLEARNING,1401755961,1,25000,10,824.777
c105,100,C1,QLEARNING,613205355,5,5000,10,828.937
c105,100,C1,QLEARNING,613205355,5,10000,10,828.937
c105,100,C1,QLEARNING,613205355,5,15000,10,828.937
c105,100,C1,QLEARNING,613205355,5,20000,10,828.937
c105,100,C1,QLEARNING,613205355,5,25000,10,828.937
c104,100,C1,CLASSIC,1401811394,8,5000,10,831.048
c104,100,C1,CLASSIC,1401811394,8,10000,10,831.048
c104,100,C1,CLASSIC,1401811394,8,15000,10,826.88
c104,100,C1,CLASSIC,1401811394,8,20000,10,826.716
c104,100,C1,CLASSIC,1401811394,8,25000,10,826.716
c105,100,C1,CLASSIC,613173679,1,5000,10,828.937
c105,100,C1,CLASSIC,613173679,1,10000,10,828.937
c105,100,C1,CLASSIC,613173679,1,15000,10,828.937
c105,100,C1,CLASSIC,613173679,1,20000,10,828.937
c105,100,C1,CLASSIC,613173679,1,25000,10,828.937
c105,100,C1,QLEARNING,613173679,1,5000,10,828.937
c105,100,C1,QLEARNING,613173679,1,10000,10,828.937
c105,100,C1,QLEARNING,613173679,1,15000,10,828.937
c105,100,C1,QLEARNING,613173679,1,20000,10,828.937
c105,100,C1,QLEARNING,613173679,1,25000,10,828.937
c105,100,C1,QLEARNING,613229112,8,5000,10,828.937
c105,100,C1,QLEARNING,613229112,8,10000,10,828.937
c105,100,C1,QLEARNING,613229112,8,15000,10,828.937
c105,100,C1,QLEARNING,613229112,8,20000,10,828.937
c105,100,C1,QLEARNING,613229112,8,25000,10,828.937
c105,100,C1,CLASSIC,613197436,4,5000,10,828.937
c105,100,C1,CLASSIC,613197436,4,10000,10,828.937
c105,100,C1,CLASSIC,613197436,4,15000,10,828.937
c105,100,C1,CLASSIC,613197436,4,20000,10,828.937
c105,100,C1,CLASSIC,613197436,4,25000,10,828.937
c105,100,C1,CLASSIC,613189517,3,5000,10,828.937
c105,100,C1,CLASSIC,613189517,3,10000,10,828.937
c105,100,C1,CLASSIC,613189517,3,15000,10,828.937
c105,100,C1,CLASSIC,613189517,3,20000,10,828.937
c105,100,C1,CLASSIC,613189517,3,25000,10,828.937
c105,100,C1,QLEARNING,613189517,3,5000,10,828.937
c105,100,C1,QLEARNING,613189517,3,10000,10,828.937
c105,100,C1,QLEARNING,613189517,3,15000,10,828.937
c105,100,C1,QLEARNING,613189517,3,20000,10,828.937
c105,100,C1,QLEARNING,613189517,3,25000,10,828.937
c105,100,C1,QLEARNING,613181598,2,5000,10,828.937
c105,100,C1,QLEARNING,613181598,2,10000,10,828.937
c105,100,C1,QLEARNING,613181598,2,15000,10,828.937
c105,100,C1,QLEARNING,613181598,2,20000,10,828.937
c105,100,C1,QLEARNING,613181598,2,25000,10,828.937
c104,100,C1,QLEARNING,1401795556,6,5000,10,824.777
c104,100,C1,QLEARNING,1401795556,6,10000,10,824.777
c104,100,C1,QLEARNING,1401795556,6,15000,10,824.777
c104,100,C1,QLEARNING,1401795556,6,20000,10,824.777
c104,100,C1,QLEARNING,1401795556,6,25000,10,824.777
c105,100,C1,CLASSIC,613181598,2,5000,10,828.937
c105,100,C1,CLASSIC,613181598,2,10000,10,828.937
c105,100,C1,CLASSIC,613181598,2,15000,10,828.937
c105,100,C1,CLASSIC,613181598,2,20000,10,828.937
c105,100,C1,CLASSIC,613181598,2,25000,10,828.937
c105,100,C1,CLASSIC,613229112,8,5000,10,828.937
c105,100,C1,CLASSIC,613229112,8,10000,10,828.937
c105,100,C1,CLASSIC,613229112,8,15000,10,828.937
c105,100,C1,CLASSIC,613229112,8,20000,10,828.937
c105,100,C1,CLASSIC,613229112,8,25000,10,828.937
c104,100,C1,CLASSIC,1401819313,9,5000,10,850.923
c104,100,C1,CLASSIC,1401819313,9,10000,10,850.802
c104,100,C1,CLASSIC,1401819313,9,15000,10,848.529
c104,100,C1,CLASSIC,1401819313,9,20000,10,848.529
c104,100,C1,CLASSIC,1401819313,9,25000,10,840.022
c105,100,C1,QLEARNING,613221193,7,5000,10,828.937
c105,100,C1,QLEARNING,613221193,7,10000,10,828.937
c105,100,C1,QLEARNING,613221193,7,15000,10,828.937
c105,100,C1,QLEARNING,613221193,7,20000,10,828.937
c105,100,C1,QLEARNING,613221193,7,25000,10,828.937
c104,100,C1,QLEARNING,1401803475,7,5000,10,824.777
c104,100,C1,QLEARNING,1401803475,7,10000,10,824.777
c104,100,C1,QLEARNING,1401803475,7,15000,10,824.777
c104,100,C1,QLEARNING,1401803475,7,20000,10,824.777
c104,100,C1,QLEARNING,1401803475,7,25000,10,824.777
c105,100,C1,CLASSIC,613221193,7,5000,10,828.937
c105,100,C1,CLASSIC,613221193,7,10000,10,828.937
c105,100,C1,CLASSIC,613221193,7,15000,10,828.937
c105,100,C1,CLASSIC,613221193,7,20000,10,828.937
c105,100,C1,CLASSIC,613221193,7,25000,10,828.937
c105,100,C1,QLEARNING,613197436,4,5000,10,828.937
c105,100,C1,QLEARNING,613197436,4,10000,10,828.937
c105,100,C1,QLEARNING,613197436,4,15000,10,828.937
c105,100,C1,QLEARNING,613197436,4,20000,10,828.937
c105,100,C1,QLEARNING,613197436,4,25000,10,828.937
c105,100,C1,CLASSIC,613205355,5,5000,10,828.937
c105,100,C1,CLASSIC,613205355,5,10000,10,828.937
c105,100,C1,CLASSIC,613205355,5,15000,10,828.937
c105,100,C1,CLASSIC,613205355,5,20000,10,828.937
c105,100,C1,CLASSIC,613205355,5,25000,10,828.937
c105,100,C1,CLASSIC,613213274,6,5000,10,828.937
c105,100,C1,CLASSIC,613213274,6,10000,10,828.937
c105,100,C1,CLASSIC,613213274,6,15000,10,828.937
c105,100,C1,CLASSIC,613213274,6,20000,10,828.937
c105,100,C1,CLASSIC,613213274,6,25000,10,828.937
c104,100,C1,CLASSIC,1401795556,6,5000,10,849.214
c104,100,C1,CLASSIC,1401795556,6,10000,10,835.395
c104,100,C1,CLASSIC,1401795556,6,15000,10,832.391
c104,100,C1,CLASSIC,1401795556,6,20000,10,831.743
c104,100,C1,CLASSIC,1401795556,6,25000,10,831.743
c105,100,C1,QLEARNING,613244950,10,5000,10,828.937
c105,100,C1,QLEARNING,613244950,10,10000,10,828.937
c105,100,C1,QLEARNING,613244950,10,15000,10,828.937
c105,100,C1,QLEARNING,613244950,10,20000,10,828.937
c105,100,C1,QLEARNING,613244950,10,25000,10,828.937
c105,100,C1,QLEARNING,613213274,6,5000,10,828.937
c105,100,C1,QLEARNING,613213274,6,10000,10,828.937
c105,100,C1,QLEARNING,613213274,6,15000,10,828.937
c105,100,C1,QLEARNING,613213274,6,20000,10,828.937
c105,100,C1,QLEARNING,613213274,6,25000,10,828.937
c104,100,C1,CLASSIC,1401803475,7,5000,10,866.687
c104,100,C1,CLASSIC,1401803475,7,10000,10,849.708
c104,100,C1,CLASSIC,1401803475,7,15000,10,848.529
c104,100,C1,CLASSIC,1401803475,7,20000,10,848.529
c104,100,C1,CLASSIC,1401803475,7,25000,10,847.731
c104,100,C1,QLEARNING,1401763880,2,5000,10,825.955
c104,100,C1,QLEARNING,1401763880,2,10000,10,824.777
c104,100,C1,QLEARNING,1401763880,2,15000,10,824.777
c104,100,C1,QLEARNING,1401763880,2,20000,10,824.777
c104,100,C1,QLEARNING,1401763880,2,25000,10,824.777
c105,100,C1,QLEARNING,613237031,9,5000,10,828.937
c105,100,C1,QLEARNING,613237031,9,10000,10,828.937
c105,100,C1,QLEARNING,613237031,9,15000,10,828.937
c105,100,C1,QLEARNING,613237031,9,20000,10,828.937
c105,100,C1,QLEARNING,613237031,9,25000,10,828.937
c104,100,C1,QLEARNING,1401787637,5,5000,10,825.955
c104,100,C1,QLEARNING,1401787637,5,10000,10,824.777
c104,100,C1,QLEARNING,1401787637,5,15000,10,824.777
c104,100,C1,QLEARNING,1401787637,5,20000,10,824.777
c104,100,C1,QLEARNING,1401787637,5,25000,10,824.777
c104,100,C1,QLEARNING,1401811394,8,5000,10,825.955
c104,100,C1,QLEARNING,1401811394,8,10000,10,825.105
c104,100,C1,QLEARNING,1401811394,8,15000,10,824.777
c104,100,C1,QLEARNING,1401811394,8,20000,10,824.777
c104,100,C1,QLEARNING,1401811394,8,25000,10,824.777
c104,100,C1,QLEARNING,1401779718,4,5000,10,825.701
c104,100,C1,QLEARNING,1401779718,4,10000,10,825.649
c104,100,C1,QLEARNING,1401779718,4,15000,10,825.649
c104,100,C1,QLEARNING,1401779718,4,20000,10,824.777
c104,100,C1,QLEARNING,1401779718,4,25000,10,824.777
c106,100,C1,CLASSIC,1032017713,4,5000,10,828.937
c106,100,C1,CLASSIC,1032017713,4,10000,10,828.937
c106,100,C1,CLASSIC,1032017713,4,15000,10,828.937
c106,100,C1,CLASSIC,1032017713,4,20000,10,828.937
c106,100,C1,CLASSIC,1032017713,4,25000,10,828.937
c106,100,C1,CLASSIC,1032009794,3,5000,10,828.937
c106,100,C1,CLASSIC,1032009794,3,10000,10,828.937
c106,100,C1,CLASSIC,1032009794,3,15000,10,828.937
c106,100,C1,CLASSIC,1032009794,3,20000,10,828.937
c106,100,C1,CLASSIC,1032009794,3,25000,10,828.937
c106,100,C1,CLASSIC,1032065227,10,5000,10,828.937
c106,100,C1,CLASSIC,1032065227,10,10000,10,828.937
c106,100,C1,CLASSIC,1032065227,10,15000,10,828.937
c106,100,C1,CLASSIC,1032065227,10,20000,10,828.937
c106,100,C1,CLASSIC,1032065227,10,25000,10,828.937
c104,100,C1,QLEARNING,1401827232,10,5000,10,828.608
c104,100,C1,QLEARNING,1401827232,10,10000,10,824.777
c104,100,C1,QLEARNING,1401827232,10,15000,10,824.777
c104,100,C1,QLEARNING,1401827232,10,20000,10,824.777
c104,100,C1,QLEARNING,1401827232,10,25000,10,824.777
c104,100,C1,CLASSIC,1401827232,10,5000,10,849.588
c104,100,C1,CLASSIC,1401827232,10,10000,10,824.777
c104,100,C1,CLASSIC,1401827232,10,15000,10,824.777
c104,100,C1,CLASSIC,1401827232,10,20000,10,824.777
c104,100,C1,CLASSIC,1401827232,10,25000,10,824.777
c106,100,C1,CLASSIC,1031993956,1,5000,10,828.937
c106,100,C1,CLASSIC,1031993956,1,10000,10,828.937
c106,100,C1,CLASSIC,1031993956,1,15000,10,828.937
c106,100,C1,CLASSIC,1031993956,1,20000,10,828.937
c106,100,C1,CLASSIC,1031993956,1,25000,10,828.937
c106,100,C1,QLEARNING,1032009794,3,5000,10,828.937
c106,100,C1,QLEARNING,1032009794,3,10000,10,828.937
c106,100,C1,QLEARNING,1032009794,3,15000,10,828.937
c106,100,C1,QLEARNING,1032009794,3,20000,10,828.937
c106,100,C1,QLEARNING,1032009794,3,25000,10,828.937
c106,100,C1,QLEARNING,1032057308,9,5000,10,828.937
c106,100,C1,QLEARNING,1032057308,9,10000,10,828.937
c106,100,C1,QLEARNING,1032057308,9,15000,10,828.937
c106,100,C1,QLEARNING,1032057308,9,20000,10,828.937
c106,100,C1,QLEARNING,1032057308,9,25000,10,828.937
c106,100,C1,CLASSIC,1032001875,2,5000,10,828.937
c106,100,C1,CLASSIC,1032001875,2,10000,10,828.937
c106,100,C1,CLASSIC,1032001875,2,15000,10,828.937
c106,100,C1,CLASSIC,1032001875,2,20000,10,828.937
c106,100,C1,CLASSIC,1032001875,2,25000,10,828.937
c104,100,C1,QLEARNING,1401771799,3,5000,10,824.777
c104,100,C1,QLEARNING,1401771799,3,10000,10,824.777
c104,100,C1,QLEARNING,1401771799,3,15000,10,824.777
c104,100,C1,QLEARNING,1401771799,3,20000,10,824.777
c104,100,C1,QLEARNING,1401771799,3,25000,10,824.777
c106,100,C1,CLASSIC,1032057308,9,5000,10,828.937
c106,100,C1,CLASSIC,1032057308,9,10000,10,828.937
c106,100,C1,CLASSIC,1032057308,9,15000,10,828.937
c106,100,C1,CLASSIC,1032057308,9,20000,10,828.937
c106,100,C1,CLASSIC,1032057308,9,25000,10,828.937
c106,100,C1,CLASSIC,1032049389,8,5000,10,828.937
c106,100,C1,CLASSIC,1032049389,8,10000,10,828.937
c106,100,C1,CLASSIC,1032049389,8,15000,10,828.937
c106,100,C1,CLASSIC,1032049389,8,20000,10,828.937
c106,100,C1,CLASSIC,1032049389,8,25000,10,828.937
c106,100,C1,CLASSIC,1032033551,6,5000,10,828.937
c106,100,C1,CLASSIC,1032033551,6,10000,10,828.937
c106,100,C1,CLASSIC,1032033551,6,15000,10,828.937
c106,100,C1,CLASSIC,1032033551,6,20000,10,828.937
c106,100,C1,CLASSIC,1032033551,6,25000,10,828.937
c106,100,C1,CLASSIC,1032025632,5,5000,10,828.937
c106,100,C1,CLASSIC,1032025632,5,10000,10,828.937
c106,100,C1,CLASSIC,1032025632,5,15000,10,828.937
c106,100,C1,CLASSIC,1032025632,5,20000,10,828.937
c106,100,C1,CLASSIC,1032025632,5,25000,10,828.937
c104,100,C1,QLEARNING,1401819313,9,5000,10,825.955
c104,100,C1,QLEARNING,1401819313,9,10000,10,825.701
c104,100,C1,QLEARNING,1401819313,9,15000,10,824.777
c104,100,C1,QLEARNING,1401819313,9,20000,10,824.777
c104,100,C1,QLEARNING,1401819313,9,25000,10,824.777
c106,100,C1,QLEARNING,1032049389,8,5000,10,828.937
c106,100,C1,QLEARNING,1032049389,8,10000,10,828.937
c106,100,C1,QLEARNING,1032049389,8,15000,10,828.937
c106,100,C1,QLEARNING,1032049389,8,20000,10,828.937
c106,100,C1,QLEARNING,1032049389,8,25000,10,828.937
c106,100,C1,QLEARNING,1032025632,5,5000,10,828.937
c106,100,C1,QLEARNING,1032025632,5,10000,10,828.937
c106,100,C1,QLEARNING,1032025632,5,15000,10,828.937
c106,100,C1,QLEARNING,1032025632,5,20000,10,828.937
c106,100,C1,QLEARNING,1032025632,5,25000,10,828.937
c106,100,C1,QLEARNING,1032033551,6,5000,10,828.937
c106,100,C1,QLEARNING,1032033551,6,10000,10,828.937
c106,100,C1,QLEARNING,1032033551,6,15000,10,828.937
c106,100,C1,QLEARNING,1032033551,6,20000,10,828.937
c106,100,C1,QLEARNING,1032033551,6,25000,10,828.937
c106,100,C1,QLEARNING,1032041470,7,5000,10,828.937
c106,100,C1,QLEARNING,1032041470,7,10000,10,828.937
c106,100,C1,QLEARNING,1032041470,7,15000,10,828.937
c106,100,C1,QLEARNING,1032041470,7,20000,10,828.937
c106,100,C1,QLEARNING,1032041470,7,25000,10,828.937
c106,100,C1,QLEARNING,1031993956,1,5000,10,828.937
c106,100,C1,QLEARNING,1031993956,1,10000,10,828.937
c106,100,C1,QLEARNING,1031993956,1,15000,10,828.937
c106,100,C1,QLEARNING,1031993956,1,20000,10,828.937
c106,100,C1,QLEARNING,1031993956,1,25000,10,828.937
c106,100,C1,QLEARNING,1032017713,4,5000,10,828.937
c106,100,C1,QLEARNING,1032017713,4,10000,10,828.937
c106,100,C1,QLEARNING,1032017713,4,15000,10,828.937
c106,100,C1,QLEARNING,1032017713,4,20000,10,828.937
c106,100,C1,QLEARNING,1032017713,4,25000,10,828.937
c107,100,C1,CLASSIC,1250306224,3,5000,10,828.937
c107,100,C1,CLASSIC,1250306224,3,10000,10,828.937
c107,100,C1,CLASSIC,1250306224,3,15000,10,828.937
c107,100,C1,CLASSIC,1250306224,3,20000,10,828.937
c107,100,C1,CLASSIC,1250306224,3,25000,10,828.937
c107,100,C1,QLEARNING,1250290386,1,5000,10,828.937
c107,100,C1,QLEARNING,1250290386,1,10000,10,828.937
c107,100,C1,QLEARNING,1250290386,1,15000,10,828.937
c107,100,C1,QLEARNING,1250290386,1,20000,10,828.937
c107,100,C1,QLEARNING,1250290386,1,25000,10,828.937
c106,100,C1,CLASSIC,1032041470,7,5000,10,828.937
c106,100,C1,CLASSIC,1032041470,7,10000,10,828.937
c106,100,C1,CLASSIC,1032041470,7,15000,10,828.937
c106,100,C1,CLASSIC,1032041470,7,20000,10,828.937
c106,100,C1,CLASSIC,1032041470,7,25000,10,828.937
c107,100,C1,CLASSIC,1250322062,5,5000,10,828.937
c107,100,C1,CLASSIC,1250322062,5,10000,10,828.937
c107,100,C1,CLASSIC,1250322062,5,15000,10,828.937
c107,100,C1,CLASSIC,1250322062,5,20000,10,828.937
c107,100,C1,CLASSIC,1250322062,5,25000,10,828.937
c106,100,C1,QLEARNING,1032001875,2,5000,10,828.937
c106,100,C1,QLEARNING,1032001875,2,10000,10,828.937
c106,100,C1,QLEARNING,1032001875,2,15000,10,828.937
c106,100,C1,QLEARNING,1032001875,2,20000,10,828.937
c106,100,C1,QLEARNING,1032001875,2,25000,10,828.937
c107,100,C1,QLEARNING,1250314143,4,5000,10,828.937
c107,100,C1,QLEARNING,1250314143,4,10000,10,828.937
c107,100,C1,QLEARNING,1250314143,4,15000,10,828.937
c107,100,C1,QLEARNING,1250314143,4,20000,10,828.937
c107,100,C1,QLEARNING,1250314143,4,25000,10,828.937
c106,100,C1,QLEARNING,1032065227,10,5000,10,828.937
c106,100,C1,QLEARNING,1032065227,10,10000,10,828.937
c106,100,C1,QLEARNING,1032065227,10,15000,10,828.937
c106,100,C1,QLEARNING,1032065227,10,20000,10,828.937
c106,100,C1,QLEARNING,1032065227,10,25000,10,828.937
c107,100,C1,CLASSIC,1250337900,7,5000,10,828.937
c107,100,C1,CLASSIC,1250337900,7,10000,10,828.937
c107,100,C1,CLASSIC,1250337900,7,15000,10,828.937
c107,100,C1,CLASSIC,1250337900,7,20000,10,828.937
c107,100,C1,CLASSIC,1250337900,7,25000,10,828.937
c107,100,C1,CLASSIC,1250290386,1,5000,10,828.937
c107,100,C1,CLASSIC,1250290386,1,10000,10,828.937
c107,100,C1,CLASSIC,1250290386,1,15000,10,828.937
c107,100,C1,CLASSIC,1250290386,1,20000,10,828.937
c107,100,C1,CLASSIC,1250290386,1,25000,10,828.937
c107,100,C1,CLASSIC,1250361657,10,5000,10,828.937
c107,100,C1,CLASSIC,1250361657,10,10000,10,828.937
c107,100,C1,CLASSIC,1250361657,10,15000,10,828.937
c107,100,C1,CLASSIC,1250361657,10,20000,10,828.937
c107,100,C1,CLASSIC,1250361657,10,25000,10,828.937
c107,100,C1,CLASSIC,1250329981,6,5000,10,828.937
c107,100,C1,CLASSIC,1250329981,6,10000,10,828.937
c107,100,C1,CLASSIC,1250329981,6,15000,10,828.937
c107,100,C1,CLASSIC,1250329981,6,20000,10,828.937
c107,100,C1,CLASSIC,1250329981,6,25000,10,828.937
c107,100,C1,CLASSIC,1250314143,4,5000,10,828.937
c107,100,C1,CLASSIC,1250314143,4,10000,10,828.937
c107,100,C1,CLASSIC,1250314143,4,15000,10,828.937
c107,100,C1,CLASSIC,1250314143,4,20000,10,828.937
c107,100,C1,CLASSIC,1250314143,4,25000,10,828.937
c107,100,C1,CLASSIC,1250298305,2,5000,10,828.937
c107,100,C1,CLASSIC,1250298305,2,10000,10,828.937
c107,100,C1,CLASSIC,1250298305,2,15000,10,828.937
c107,100,C1,CLASSIC,1250298305,2,20000,10,828.937
c107,100,C1,CLASSIC,1250298305,2,25000,10,828.937
c107,100,C1,CLASSIC,1250345819,8,5000,10,828.937
c107,100,C1,CLASSIC,1250345819,8,10000,10,828.937
c107,100,C1,CLASSIC,1250345819,8,15000,10,828.937
c107,100,C1,CLASSIC,1250345819,8,20000,10,828.937
c107,100,C1,CLASSIC,1250345819,8,25000,10,828.937
c107,100,C1,QLEARNING,1250329981,6,5000,10,828.937
c107,100,C1,QLEARNING,1250329981,6,10000,10,828.937
c107,100,C1,QLEARNING,1250329981,6,15000,10,828.937
c107,100,C1,QLEARNING,1250329981,6,20000,10,828.937
c107,100,C1,QLEARNING,1250329981,6,25000,10,828.937
c107,100,C1,QLEARNING,1250353738,9,5000,10,828.937
c107,100,C1,QLEARNING,1250353738,9,10000,10,828.937
c107,100,C1,QLEARNING,1250353738,9,15000,10,828.937
c107,100,C1,QLEARNING,1250353738,9,20000,10,828.937
c107,100,C1,QLEARNING,1250353738,9,25000,10,828.937
c107,100,C1,CLASSIC,1250353738,9,5000,10,828.937
c107,100,C1,CLASSIC,1250353738,9,10000,10,828.937
c107,100,C1,CLASSIC,1250353738,9,15000,10,828.937
c107,100,C1,CLASSIC,1250353738,9,20000,10,828.937
c107,100,C1,CLASSIC,1250353738,9,25000,10,828.937
c107,100,C1,QLEARNING,1250337900,7,5000,10,828.937
c107,100,C1,QLEARNING,1250337900,7,10000,10,828.937
c107,100,C1,QLEARNING,1250337900,7,15000,10,828.937
c107,100,C1,QLEARNING,1250337900,7,20000,10,828.937
c107,100,C1,QLEARNING,1250337900,7,25000,10,828.937
c107,100,C1,QLEARNING,1250345819,8,5000,10,828.937
c107,100,C1,QLEARNING,1250345819,8,10000,10,828.937
c107,100,C1,QLEARNING,1250345819,8,15000,10,828.937
c107,100,C1,QLEARNING,1250345819,8,20000,10,828.937
c107,100,C1,QLEARNING,1250345819,8,25000,10,828.937
c107,100,C1,QLEARNING,1250306224,3,5000,10,828.937
c107,100,C1,QLEARNING,1250306224,3,10000,10,828.937
c107,100,C1,QLEARNING,1250306224,3,15000,10,828.937
c107,100,C1,QLEARNING,1250306224,3,20000,10,828.937
c107,100,C1,QLEARNING,1250306224,3,25000,10,828.937
c107,100,C1,QLEARNING,1250361657,10,5000,10,828.937
c107,100,C1,QLEARNING,1250361657,10,10000,10,828.937
c107,100,C1,QLEARNING,1250361657,10,15000,10,828.937
c107,100,C1,QLEARNING,1250361657,10,20000,10,828.937
c107,100,C1,QLEARNING,1250361657,10,25000,10,828.937
c108,100,C1,QLEARNING,1513868508,9,5000,10,828.937
c108,100,C1,QLEARNING,1513868508,9,10000,10,828.937
c108,100,C1,QLEARNING,1513868508,9,15000,10,828.937
c108,100,C1,QLEARNING,1513868508,9,20000,10,828.937
c108,100,C1,QLEARNING,1513868508,9,25000,10,828.937
c107,100,C1,QLEARNING,1250298305,2,5000,10,828.937
c107,100,C1,QLEARNING,1250298305,2,10000,10,828.937
c107,100,C1,QLEARNING,1250298305,2,15000,10,828.937
c107,100,C1,QLEARNING,1250298305,2,20000,10,828.937
c107,100,C1,QLEARNING,1250298305,2,25000,10,828.937
c108,100,C1,CLASSIC,1513860589,8,5000,10,828.937
c108,100,C1,CLASSIC,1513860589,8,10000,10,828.937
c108,100,C1,CLASSIC,1513860589,8,15000,10,828.937
c108,100,C1,CLASSIC,1513860589,8,20000,10,828.937
c108,100,C1,CLASSIC,1513860589,8,25000,10,828.937
c107,100,C1,QLEARNING,1250322062,5,5000,10,828.937
c107,100,C1,QLEARNING,1250322062,5,10000,10,828.937
c107,100,C1,QLEARNING,1250322062,5,15000,10,828.937
c107,100,C1,QLEARNING,1250322062,5,20000,10,828.937
c107,100,C1,QLEARNING,1250322062,5,25000,10,828.937
c108,100,C1,QLEARNING,1513844751,6,5000,10,828.937
c108,100,C1,QLEARNING,1513844751,6,10000,10,828.937
c108,100,C1,QLEARNING,1513844751,6,15000,10,828.937
c108,100,C1,QLEARNING,1513844751,6,20000,10,828.937
c108,100,C1,QLEARNING,1513844751,6,25000,10,828.937
c108,100,C1,CLASSIC,1513828913,4,5000,10,828.937
c108,100,C1,CLASSIC,1513828913,4,10000,10,828.937
c108,100,C1,CLASSIC,1513828913,4,15000,10,828.937
c108,100,C1,CLASSIC,1513828913,4,20000,10,828.937
c108,100,C1,CLASSIC,1513828913,4,25000,10,828.937
c108,100,C1,CLASSIC,1513852670,7,5000,10,828.937
c108,100,C1,CLASSIC,1513852670,7,10000,10,828.937
c108,100,C1,CLASSIC,1513852670,7,15000,10,828.937
c108,100,C1,CLASSIC,1513852670,7,20000,10,828.937
c108,100,C1,CLASSIC,1513852670,7,25000,10,828.937
c108,100,C1,CLASSIC,1513844751,6,5000,10,828.937
c108,100,C1,CLASSIC,1513844751,6,10000,10,828.937
c108,100,C1,CLASSIC,1513844751,6,15000,10,828.937
c108,100,C1,CLASSIC,1513844751,6,20000,10,828.937
c108,100,C1,CLASSIC,1513844751,6,25000,10,828.937
c108,100,C1,CLASSIC,1513876427,10,5000,10,828.937
c108,100,C1,CLASSIC,1513876427,10,10000,10,828.937
c108,100,C1,CLASSIC,1513876427,10,15000,10,828.937
c108,100,C1,CLASSIC,1513876427,10,20000,10,828.937
c108,100,C1,CLASSIC,1513876427,10,25000,10,828.937
c108,100,C1,CLASSIC,1513820994,3,5000,10,828.937
c108,100,C1,CLASSIC,1513820994,3,10000,10,828.937
c108,100,C1,CLASSIC,1513820994,3,15000,10,828.937
c108,100,C1,CLASSIC,1513820994,3,20000,10,828.937
c108,100,C1,CLASSIC,1513820994,3,25000,10,828.937
c108,100,C1,CLASSIC,1513836832,5,5000,10,828.937
c108,100,C1,CLASSIC,1513836832,5,10000,10,828.937
c108,100,C1,CLASSIC,1513836832,5,15000,10,828.937
c108,100,C1,CLASSIC,1513836832,5,20000,10,828.937
c108,100,C1,CLASSIC,1513836832,5,25000,10,828.937
c108,100,C1,QLEARNING,1513828913,4,5000,10,828.937
c108,100,C1,QLEARNING,1513828913,4,10000,10,828.937
c108,100,C1,QLEARNING,1513828913,4,15000,10,828.937
c108,100,C1,QLEARNING,1513828913,4,20000,10,828.937
c108,100,C1,QLEARNING,1513828913,4,25000,10,828.937
c108,100,C1,CLASSIC,1513868508,9,5000,10,828.937
c108,100,C1,CLASSIC,1513868508,9,10000,10,828.937
c108,100,C1,CLASSIC,1513868508,9,15000,10,828.937
c108,100,C1,CLASSIC,1513868508,9,20000,10,828.937
c108,100,C1,CLASSIC,1513868508,9,25000,10,828.937
c108,100,C1,QLEARNING,1513820994,3,5000,10,828.937
c108,100,C1,QLEARNING,1513820994,3,10000,10,828.937
c108,100,C1,QLEARNING,1513820994,3,15000,10,828.937
c108,100,C1,QLEARNING,1513820994,3,20000,10,828.937
c108,100,C1,QLEARNING,1513820994,3,25000,10,828.937
c108,100,C1,CLASSIC,1513805156,1,5000,10,828.937
c108,100,C1,CLASSIC,1513805156,1,10000,10,828.937
c108,100,C1,CLASSIC,1513805156,1,15000,10,828.937
c108,100,C1,CLASSIC,1513805156,1,20000,10,828.937
c108,100,C1,CLASSIC,1513805156,1,25000,10,828.937
c108,100,C1,QLEARNING,1513805156,1,5000,10,828.937
c108,100,C1,QLEARNING,1513805156,1,10000,10,828.937
c108,100,C1,QLEARNING,1513805156,1,15000,10,828.937
c108,100,C1,QLEARNING,1513805156,1,20000,10,828.937
c108,100,C1,QLEARNING,1513805156,1,25000,10,828.937
c109,100,C1,CLASSIC,759086960,7,5000,10,855.198
c109,100,C1,CLASSIC,759086960,7,10000,10,849.249
c109,100,C1,CLASSIC,759086960,7,15000,10,849.249
c109,100,C1,CLASSIC,759086960,7,20000,10,829.698
c109,100,C1,CLASSIC,759086960,7,25000,10,828.937
c109,100,C1,QLEARNING,759039446,1,5000,10,828.937
c109,100,C1,QLEARNING,759039446,1,10000,10,828.937
c109,100,C1,QLEARNING,759039446,1,15000,10,828.937
c109,100,C1,QLEARNING,759039446,1,20000,10,828.937
c109,100,C1,QLEARNING,759039446,1,25000,10,828.937
c109,100,C1,QLEARNING,759094879,8,5000,10,828.937
c109,100,C1,QLEARNING,759094879,8,10000,10,828.937
c109,100,C1,QLEARNING,759094879,8,15000,10,828.937
c109,100,C1,QLEARNING,759094879,8,20000,10,828.937
c109,100,C1,QLEARNING,759094879,8,25000,10,828.937
c108,100,C1,CLASSIC,1513813075,2,5000,10,828.937
c108,100,C1,CLASSIC,1513813075,2,10000,10,828.937
c108,100,C1,CLASSIC,1513813075,2,15000,10,828.937
c108,100,C1,CLASSIC,1513813075,2,20000,10,828.937
c108,100,C1,CLASSIC,1513813075,2,25000,10,828.937
c109,100,C1,CLASSIC,759047365,2,5000,10,857.281
c109,100,C1,CLASSIC,759047365,2,10000,10,828.937
c109,100,C1,CLASSIC,759047365,2,15000,10,828.937
c109,100,C1,CLASSIC,759047365,2,20000,10,828.937
c109,100,C1,CLASSIC,759047365,2,25000,10,828.937
c108,100,C1,QLEARNING,1513836832,5,5000,10,828.937
c108,100,C1,QLEARNING,1513836832,5,10000,10,828.937
c108,100,C1,QLEARNING,1513836832,5,15000,10,828.937
c108,100,C1,QLEARNING,1513836832,5,20000,10,828.937
c108,100,C1,QLEARNING,1513836832,5,25000,10,828.937
c108,100,C1,QLEARNING,1513860589,8,5000,10,828.937
c108,100,C1,QLEARNING,1513860589,8,10000,10,828.937
c108,100,C1,QLEARNING,1513860589,8,15000,10,828.937
c108,100,C1,QLEARNING,1513860589,8,20000,10,828.937
c108,100,C1,QLEARNING,1513860589,8,25000,10,828.937
c108,100,C1,QLEARNING,1513813075,2,5000,10,828.937
c108,100,C1,QLEARNING,1513813075,2,10000,10,828.937
c108,100,C1,QLEARNING,1513813075,2,15000,10,828.937
c108,100,C1,QLEARNING,1513813075,2,20000,10,828.937
c108,100,C1,QLEARNING,1513813075,2,25000,10,828.937
c109,100,C1,QLEARNING,759063203,4,5000,10,828.937
c109,100,C1,QLEARNING,759063203,4,10000,10,828.937
c109,100,C1,QLEARNING,759063203,4,15000,10,828.937
c109,100,C1,QLEARNING,759063203,4,20000,10,828.937
c109,100,C1,QLEARNING,759063203,4,25000,10,828.937
c109,100,C1,QLEARNING,759079041,6,5000,10,828.937
c109,100,C1,QLEARNING,759079041,6,10000,10,828.937
c109,100,C1,QLEARNING,759079041,6,15000,10,828.937
c109,100,C1,QLEARNING,759079041,6,20000,10,828.937
c109,100,C1,QLEARNING,759079041,6,25000,10,828.937
c108,100,C1,QLEARNING,1513852670,7,5000,10,828.937
c108,100,C1,QLEARNING,1513852670,7,10000,10,828.937
c108,100,C1,QLEARNING,1513852670,7,15000,10,828.937
c108,100,C1,QLEARNING,1513852670,7,20000,10,828.937
c108,100,C1,QLEARNING,1513852670,7,25000,10,828.937
c109,100,C1,CLASSIC,759063203,4,5000,10,828.937
c109,100,C1,CLASSIC,759063203,4,10000,10,828.937
c109,100,C1,CLASSIC,759063203,4,15000,10,828.937
c109,100,C1,CLASSIC,759063203,4,20000,10,828.937
c109,100,C1,CLASSIC,759063203,4,25000,10,828.937
c109,100,C1,CLASSIC,759071122,5,5000,10,828.937
c109,100,C1,CLASSIC,759071122,5,10000,10,828.937
c109,100,C1,CLASSIC,759071122,5,15000,10,828.937
c109,100,C1,CLASSIC,759071122,5,20000,10,828.937
c109,100,C1,CLASSIC,759071122,5,25000,10,828.937
c109,100,C1,CLASSIC,759039446,1,5000,10,832.268
c109,100,C1,CLASSIC,759039446,1,10000,10,830.599
c109,100,C1,CLASSIC,759039446,1,15000,10,828.937
c109,100,C1,CLASSIC,759039446,1,20000,10,828.937
c109,100,C1,CLASSIC,759039446,1,25000,10,828.937
c108,100,C1,QLEARNING,1513876427,10,5000,10,828.937
c108,100,C1,QLEARNING,1513876427,10,10000,10,828.937
c108,100,C1,QLEARNING,1513876427,10,15000,10,828.937
c108,100,C1,QLEARNING,1513876427,10,20000,10,828.937
c108,100,C1,QLEARNING,1513876427,10,25000,10,828.937
c109,100,C1,CLASSIC,759110717,10,5000,10,830.599
c109,100,C1,CLASSIC,759110717,10,10000,10,828.937
c109,100,C1,CLASSIC,759110717,10,15000,10,828.937
c109,100,C1,CLASSIC,759110717,10,20000,10,828.937
c109,100,C1,CLASSIC,759110717,10,25000,10,828.937
c109,100,C1,QLEARNING,759047365,2,5000,10,828.937
c109,100,C1,QLEARNING,759047365,2,10000,10,828.937
c109,100,C1,QLEARNING,759047365,2,15000,10,828.937
c109,100,C1,QLEARNING,759047365,2,20000,10,828.937
c109,100,C1,QLEARNING,759047365,2,25000,10,828.937
c109,100,C1,QLEARNING,759110717,10,5000,10,828.937
c109,100,C1,QLEARNING,759110717,10,10000,10,828.937
c109,100,C1,QLEARNING,759110717,10,15000,10,828.937
c109,100,C1,QLEARNING,759110717,10,20000,10,828.937
c109,100,C1,QLEARNING,759110717,10,25000,10,828.937
c109,100,C1,QLEARNING,759086960,7,5000,10,828.937
c109,100,C1,QLEARNING,759086960,7,10000,10,828.937
c109,100,C1,QLEARNING,759086960,7,15000,10,828.937
c109,100,C1,QLEARNING,759086960,7,20000,10,828.937
c109,100,C1,QLEARNING,759086960,7,25000,10,828.937
c109,100,C1,QLEARNING,759071122,5,5000,10,828.937
c109,100,C1,QLEARNING,759071122,5,10000,10,828.937
c109,100,C1,QLEARNING,759071122,5,15000,10,828.937
c109,100,C1,QLEARNING,759071122,5,20000,10,828.937
c109,100,C1,QLEARNING,759071122,5,25000,10,828.937
c109,100,C1,CLASSIC,759055284,3,5000,10,830.562
c109,100,C1,CLASSIC,759055284,3,10000,10,828.937
c109,100,C1,CLASSIC,759055284,3,15000,10,828.937
c109,100,C1,CLASSIC,759055284,3,20000,10,828.937
c109,100,C1,CLASSIC,759055284,3,25000,10,828.937
c109,100,C1,QLEARNING,759055284,3,5000,10,828.937
c109,100,C1,QLEARNING,759055284,3,10000,10,828.937
c109,100,C1,QLEARNING,759055284,3,15000,10,828.937
c109,100,C1,QLEARNING,759055284,3,20000,10,828.937
c109,100,C1,QLEARNING,759055284,3,25000,10,828.937
c109,100,C1,CLASSIC,759094879,8,5000,10,828.937
c109,100,C1,CLASSIC,759094879,8,10000,10,828.937
c109,100,C1,CLASSIC,759094879,8,15000,10,828.937
c109,100,C1,CLASSIC,759094879,8,20000,10,828.937
c109,100,C1,CLASSIC,759094879,8,25000,10,828.937
c109,100,C1,CLASSIC,759079041,6,5000,10,828.937
c109,100,C1,CLASSIC,759079041,6,10000,10,828.937
c109,100,C1,CLASSIC,759079041,6,15000,10,828.937
c109,100,C1,CLASSIC,759079041,6,20000,10,828.937
c109,100,C1,CLASSIC,759079041,6,25000,10,828.937
c109,100,C1,CLASSIC,759102798,9,5000,10,828.937
c109,100,C1,CLASSIC,759102798,9,10000,10,828.937
c109,100,C1,CLASSIC,759102798,9,15000,10,828.937
c109,100,C1,CLASSIC,759102798,9,20000,10,828.937
c109,100,C1,CLASSIC,759102798,9,25000,10,828.937
c109,100,C1,QLEARNING,759102798,9,5000,10,828.937
c109,100,C1,QLEARNING,759102798,9,10000,10,828.937
c109,100,C1,QLEARNING,759102798,9,15000,10,828.937
c109,100,C1,QLEARNING,759102798,9,20000,10,828.937
c109,100,C1,QLEARNING,759102798,9,25000,10,828.937
c201,100,C2,QLEARNING,564195038,2,5000,3,591.557
c201,100,C2,QLEARNING,564195038,2,10000,3,591.557
c201,100,C2,QLEARNING,564195038,2,15000,3,591.557
c201,100,C2,QLEARNING,564195038,2,20000,3,591.557
c201,100,C2,QLEARNING,564195038,2,25000,3,591.557
c201,100,C2,QLEARNING,564210876,4,5000,3,591.557
c201,100,C2,QLEARNING,564210876,4,10000,3,591.557
c201,100,C2,QLEARNING,564210876,4,15000,3,591.557
c201,100,C2,QLEARNING,564210876,4,20000,3,591.557
c201,100,C2,QLEARNING,564210876,4,25000,3,591.557
c201,100,C2,CLASSIC,564242552,8,5000,3,591.557
c201,100,C2,CLASSIC,564242552,8,10000,3,591.557
c201,100,C2,CLASSIC,564242552,8,15000,3,591.557
c201,100,C2,CLASSIC,564242552,8,20000,3,591.557
c201,100,C2,CLASSIC,564242552,8,25000,3,591.557
c201,100,C2,QLEARNING,564202957,3,5000,3,591.557
c201,100,C2,QLEARNING,564202957,3,10000,3,591.557
c201,100,C2,QLEARNING,564202957,3,15000,3,591.557
c201,100,C2,QLEARNING,564202957,3,20000,3,591.557
c201,100,C2,QLEARNING,564202957,3,25000,3,591.557
c201,100,C2,CLASSIC,564202957,3,5000,3,591.557
c201,100,C2,CLASSIC,564202957,3,10000,3,591.557
c201,100,C2,CLASSIC,564202957,3,15000,3,591.557
c201,100,C2,CLASSIC,564202957,3,20000,3,591.557
c201,100,C2,CLASSIC,564202957,3,25000,3,591.557
c201,100,C2,CLASSIC,564250471,9,5000,3,591.557
c201,100,C2,CLASSIC,564250471,9,10000,3,591.557
c201,100,C2,CLASSIC,564250471,9,15000,3,591.557
c201,100,C2,CLASSIC,564250471,9,20000,3,591.557
c201,100,C2,CLASSIC,564250471,9,25000,3,591.557
c201,100,C2,QLEARNING,564250471,9,5000,3,591.557
c201,100,C2,QLEARNING,564250471,9,10000,3,591.557
c201,100,C2,QLEARNING,564250471,9,15000,3,591.557
c201,100,C2,QLEARNING,564250471,9,20000,3,591.557
c201,100,C2,QLEARNING,564250471,9,25000,3,591.557
c201,100,C2,CLASSIC,564226714,6,5000,3,591.557
c201,100,C2,CLASSIC,564226714,6,10000,3,591.557
c201,100,C2,CLASSIC,564226714,6,15000,3,591.557
c201,100,C2,CLASSIC,564226714,6,20000,3,591.557
c201,100,C2,CLASSIC,564226714,6,25000,3,591.557
c201,100,C2,CLASSIC,564195038,2,5000,3,591.557
c201,100,C2,CLASSIC,564195038,2,10000,3,591.557
c201,100,C2,CLASSIC,564195038,2,15000,3,591.557
c201,100,C2,CLASSIC,564195038,2,20000,3,591.557
c201,100,C2,CLASSIC,564195038,2,25000,3,591.557
c201,100,C2,QLEARNING,564187119,1,5000,3,591.557
c201,100,C2,QLEARNING,564187119,1,10000,3,591.557
c201,100,C2,QLEARNING,564187119,1,15000,3,591.557
c201,100,C2,QLEARNING,564187119,1,20000,3,591.557
c201,100,C2,QLEARNING,564187119,1,25000,3,591.557
c201,100,C2,CLASSIC,564234633,7,5000,3,591.557
c201,100,C2,CLASSIC,564234633,7,10000,3,591.557
c201,100,C2,CLASSIC,564234633,7,15000,3,591.557
c201,100,C2,CLASSIC,564234633,7,20000,3,591.557
c201,100,C2,CLASSIC,564234633,7,25000,3,591.557
c201,100,C2,QLEARNING,564258390,10,5000,3,591.557
c201,100,C2,QLEARNING,564258390,10,10000,3,591.557
c201,100,C2,QLEARNING,564258390,10,15000,3,591.557
c201,100,C2,QLEARNING,564258390,10,20000,3,591.557
c201,100,C2,QLEARNING,564258390,10,25000,3,591.557
c201,100,C2,CLASSIC,564218795,5,5000,3,591.557
c201,100,C2,CLASSIC,564218795,5,10000,3,591.557
c201,100,C2,CLASSIC,564218795,5,15000,3,591.557
c201,100,C2,CLASSIC,564218795,5,20000,3,591.557
c201,100,C2,CLASSIC,564218795,5,25000,3,591.557
c201,100,C2,QLEARNING,564226714,6,5000,3,591.557
c201,100,C2,QLEARNING,564226714,6,10000,3,591.557
c201,100,C2,QLEARNING,564226714,6,15000,3,591.557
c201,100,C2,QLEARNING,564226714,6,20000,3,591.557
c201,100,C2,QLEARNING,564226714,6,25000,3,591.557
c201,100,C2,QLEARNING,564234633,7,5000,3,591.557
c201,100,C2,QLEARNING,564234633,7,10000,3,591.557
c201,100,C2,QLEARNING,564234633,7,15000,3,591.557
c201,100,C2,QLEARNING,564234633,7,20000,3,591.557
c201,100,C2,QLEARNING,564234633,7,25000,3,591.557
c201,100,C2,CLASSIC,564258390,10,5000,3,591.557
c201,100,C2,CLASSIC,564258390,10,10000,3,591.557
c201,100,C2,CLASSIC,564258390,10,15000,3,591.557
c201,100,C2,CLASSIC,564258390,10,20000,3,591.557
c201,100,C2,CLASSIC,564258390,10,25000,3,591.557
c201,100,C2,CLASSIC,564187119,1,5000,3,591.557
c201,100,C2,CLASSIC,564187119,1,10000,3,591.557
c201,100,C2,CLASSIC,564187119,1,15000,3,591.557
c201,100,C2,CLASSIC,564187119,1,20000,3,591.557
c201,100,C2,CLASSIC,564187119,1,25000,3,591.557
c201,100,C2,QLEARNING,564218795,5,5000,3,591.557
c201,100,C2,QLEARNING,564218795,5,10000,3,591.557
c201,100,C2,QLEARNING,564218795,5,15000,3,591.557
c201,100,C2,QLEARNING,564218795,5,20000,3,591.557
c201,100,C2,QLEARNING,564218795,5,25000,3,591.557
c201,100,C2,CLASSIC,564210876,4,5000,3,591.557
c201,100,C2,CLASSIC,564210876,4,10000,3,591.557
c201,100,C2,CLASSIC,564210876,4,15000,3,591.557
c201,100,C2,CLASSIC,564210876,4,20000,3,591.557
c201,100,C2,CLASSIC,564210876,4,25000,3,591.557
c201,100,C2,QLEARNING,564242552,8,5000,3,591.557
c201,100,C2,QLEARNING,564242552,8,10000,3,591.557
c201,100,C2,QLEARNING,564242552,8,15000,3,591.557
c201,100,C2,QLEARNING,564242552,8,20000,3,591.557
c201,100,C2,QLEARNING,564242552,8,25000,3,591.557
c202,100,C2,CLASSIC,950689410,3,5000,3,591.557
c202,100,C2,CLASSIC,950689410,3,10000,3,591.557
c202,100,C2,CLASSIC,950689410,3,15000,3,591.557
c202,100,C2,CLASSIC,950689410,3,20000,3,591.557
c202,100,C2,CLASSIC,950689410,3,25000,3,591.557
c202,100,C2,CLASSIC,950705248,5,5000,3,591.557
c202,100,C2,CLASSIC,950705248,5,10000,3,591.557
c202,100,C2,CLASSIC,950705248,5,15000,3,591.557
c202,100,C2,CLASSIC,950705248,5,20000,3,591.557
c202,100,C2,CLASSIC,950705248,5,25000,3,591.557
c202,100,C2,CLASSIC,950721086,7,5000,3,591.557
c202,100,C2,CLASSIC,950721086,7,10000,3,591.557
c202,100,C2,CLASSIC,950721086,7,15000,3,591.557
c202,100,C2,CLASSIC,950721086,7,20000,3,591.557
c202,100,C2,CLASSIC,950721086,7,25000,3,591.557
c202,100,C2,QLEARNING,950736924,9,5000,3,591.557
c202,100,C2,QLEARNING,950736924,9,10000,3,591.557
c202,100,C2,QLEARNING,950736924,9,15000,3,591.557
c202,100,C2,QLEARNING,950736924,9,20000,3,591.557
c202,100,C2,QLEARNING,950736924,9,25000,3,591.557
c202,100,C2,CLASSIC,950744843,10,5000,3,591.557
c202,100,C2,CLASSIC,950744843,10,10000,3,591.557
c202,100,C2,CLASSIC,950744843,10,15000,3,591.557
c202,100,C2,CLASSIC,950744843,10,20000,3,591.557
c202,100,C2,CLASSIC,950744843,10,25000,3,591.557
c202,100,C2,CLASSIC,950681491,2,5000,3,591.557
c202,100,C2,CLASSIC,950681491,2,10000,3,591.557
c202,100,C2,CLASSIC,950681491,2,15000,3,591.557
c202,100,C2,CLASSIC,950681491,2,20000,3,591.557
c202,100,C2,CLASSIC,950681491,2,25000,3,591.557
c202,100,C2,QLEARNING,950729005,8,5000,3,591.557
c202,100,C2,QLEARNING,950729005,8,10000,3,591.557
c202,100,C2,QLEARNING,950729005,8,15000,3,591.557
c202,100,C2,QLEARNING,950729005,8,20000,3,591.557
c202,100,C2,QLEARNING,950729005,8,25000,3,591.557
c202,100,C2,CLASSIC,950729005,8,5000,3,591.557
c202,100,C2,CLASSIC,950729005,8,10000,3,591.557
c202,100,C2,CLASSIC,950729005,8,15000,3,591.557
c202,100,C2,CLASSIC,950729005,8,20000,3,591.557
c202,100,C2,CLASSIC,950729005,8,25000,3,591.557
c202,100,C2,QLEARNING,950681491,2,5000,3,591.557
c202,100,C2,QLEARNING,950681491,2,10000,3,591.557
c202,100,C2,QLEARNING,950681491,2,15000,3,591.557
c202,100,C2,QLEARNING,950681491,2,20000,3,591.557
c202,100,C2,QLEARNING,950681491,2,25000,3,591.557
c202,100,C2,CLASSIC,950673572,1,5000,3,591.557
c202,100,C2,CLASSIC,950673572,1,10000,3,591.557
c202,100,C2,CLASSIC,950673572,1,15000,3,591.557
c202,100,C2,CLASSIC,950673572,1,20000,3,591.557
c202,100,C2,CLASSIC,950673572,1,25000,3,591.557
c202,100,C2,CLASSIC,950736924,9,5000,3,591.557
c202,100,C2,CLASSIC,950736924,9,10000,3,591.557
c202,100,C2,CLASSIC,950736924,9,15000,3,591.557
c202,100,C2,CLASSIC,950736924,9,20000,3,591.557
c202,100,C2,CLASSIC,950736924,9,25000,3,591.557
c202,100,C2,QLEARNING,950713167,6,5000,3,591.557
c202,100,C2,QLEARNING,950713167,6,10000,3,591.557
c202,100,C2,QLEARNING,950713167,6,15000,3,591.557
c202,100,C2,QLEARNING,950713167,6,20000,3,591.557
c202,100,C2,QLEARNING,950713167,6,25000,3,591.557
c202,100,C2,QLEARNING,950689410,3,5000,3,591.557
c202,100,C2,QLEARNING,950689410,3,10000,3,591.557
c202,100,C2,QLEARNING,950689410,3,15000,3,591.557
c202,100,C2,QLEARNING,950689410,3,20000,3,591.557
c202,100,C2,QLEARNING,950689410,3,25000,3,591.557
c202,100,C2,CLASSIC,950697329,4,5000,3,591.557
c202,100,C2,CLASSIC,950697329,4,10000,3,591.557
c202,100,C2,CLASSIC,950697329,4,15000,3,591.557
c202,100,C2,CLASSIC,950697329,4,20000,3,591.557
c202,100,C2,CLASSIC,950697329,4,25000,3,591.557
c202,100,C2,QLEARNING,950697329,4,5000,3,591.557
c202,100,C2,QLEARNING,950697329,4,10000,3,591.557
c202,100,C2,QLEARNING,950697329,4,15000,3,591.557
c202,100,C2,QLEARNING,950697329,4,20000,3,591.557
c202,100,C2,QLEARNING,950697329,4,25000,3,591.557
c202,100,C2,QLEARNING,950705248,5,5000,3,591.557
c202,100,C2,QLEARNING,950705248,5,10000,3,591.557
c202,100,C2,QLEARNING,950705248,5,15000,3,591.557
c202,100,C2,QLEARNING,950705248,5,20000,3,591.557
c202,100,C2,QLEARNING,950705248,5,25000,3,591.557
c202,100,C2,CLASSIC,950713167,6,5000,3,591.557
c202,100,C2,CLASSIC,950713167,6,10000,3,591.557
c202,100,C2,CLASSIC,950713167,6,15000,3,591.557
c202,100,C2,CLASSIC,950713167,6,20000,3,591.557
c202,100,C2,CLASSIC,950713167,6,25000,3,591.557
c202,100,C2,QLEARNING,950673572,1,5000,3,591.557
c202,100,C2,QLEARNING,950673572,1,10000,3,591.557
c202,100,C2,QLEARNING,950673572,1,15000,3,591.557
c202,100,C2,QLEARNING,950673572,1,20000,3,591.557
c202,100,C2,QLEARNING,950673572,1,25000,3,591.557
c202,100,C2,QLEARNING,950721086,7,5000,3,591.557
c202,100,C2,QLEARNING,950721086,7,10000,3,591.557
c202,100,C2,QLEARNING,950721086,7,15000,3,591.557
c202,100,C2,QLEARNING,950721086,7,20000,3,591.557
c202,100,C2,QLEARNING,950721086,7,25000,3,591.557
c202,100,C2,QLEARNING,950744843,10,5000,3,591.557
c202,100,C2,QLEARNING,950744843,10,10000,3,591.557
c202,100,C2,QLEARNING,950744843,10,15000,3,591.557
c202,100,C2,QLEARNING,950744843,10,20000,3,591.557
c202,100,C2,QLEARNING,950744843,10,25000,3,591.557
c203,100,C2,QLEARNING,1336928940,7,5000,3,591.173
c203,100,C2,QLEARNING,1336928940,7,10000,3,591.173
c203,100,C2,QLEARNING,1336928940,7,15000,3,591.173
c203,100,C2,QLEARNING,1336928940,7,20000,3,591.173
c203,100,C2,QLEARNING,1336928940,7,25000,3,591.173
c205,100,C2,CLASSIC,651014903,2,5000,3,588.876
c205,100,C2,CLASSIC,651014903,2,10000,3,588.876
c205,100,C2,CLASSIC,651014903,2,15000,3,588.876
c205,100,C2,CLASSIC,651014903,2,20000,3,588.876
c205,100,C2,CLASSIC,651014903,2,25000,3,588.876
c203,100,C2,CLASSIC,1336913102,5,5000,3,591.173
c203,100,C2,CLASSIC,1336913102,5,10000,3,591.173
c203,100,C2,CLASSIC,1336913102,5,15000,3,591.173
c203,100,C2,CLASSIC,1336913102,5,20000,3,591.173
c203,100,C2,CLASSIC,1336913102,5,25000,3,591.173
c203,100,C2,QLEARNING,1336944778,9,5000,3,591.173
c203,100,C2,QLEARNING,1336944778,9,10000,3,591.173
c203,100,C2,QLEARNING,1336944778,9,15000,3,591.173
c203,100,C2,QLEARNING,1336944778,9,20000,3,591.173
c203,100,C2,QLEARNING,1336944778,9,25000,3,591.173
c203,100,C2,QLEARNING,1336936859,8,5000,3,591.173
c203,100,C2,QLEARNING,1336936859,8,10000,3,591.173
c203,100,C2,QLEARNING,1336936859,8,15000,3,591.173
c203,100,C2,QLEARNING,1336936859,8,20000,3,591.173
c203,100,C2,QLEARNING,1336936859,8,25000,3,591.173
c203,100,C2,QLEARNING,1336881426,1,5000,3,591.173
c203,100,C2,QLEARNING,1336881426,1,10000,3,591.173
c203,100,C2,QLEARNING,1336881426,1,15000,3,591.173
c203,100,C2,QLEARNING,1336881426,1,20000,3,591.173
c203,100,C2,QLEARNING,1336881426,1,25000,3,591.173
c203,100,C2,QLEARNING,1336905183,4,5000,3,591.173
c203,100,C2,QLEARNING,1336905183,4,10000,3,591.173
c203,100,C2,QLEARNING,1336905183,4,15000,3,591.173
c203,100,C2,QLEARNING,1336905183,4,20000,3,591.173
c203,100,C2,QLEARNING,1336905183,4,25000,3,591.173
c203,100,C2,CLASSIC,1336897264,3,5000,3,591.173
c203,100,C2,CLASSIC,1336897264,3,10000,3,591.173
c203,100,C2,CLASSIC,1336897264,3,15000,3,591.173
c203,100,C2,CLASSIC,1336897264,3,20000,3,591.173
c203,100,C2,CLASSIC,1336897264,3,25000,3,591.173
c205,100,C2,CLASSIC,651006984,1,5000,3,588.876
c205,100,C2,CLASSIC,651006984,1,10000,3,588.876
c205,100,C2,CLASSIC,651006984,1,15000,3,588.876
c205,100,C2,CLASSIC,651006984,1,20000,3,588.876
c205,100,C2,CLASSIC,651006984,1,25000,3,588.876
c203,100,C2,QLEARNING,1336897264,3,5000,3,591.173
c203,100,C2,QLEARNING,1336897264,3,10000,3,591.173
c203,100,C2,QLEARNING,1336897264,3,15000,3,591.173
c203,100,C2,QLEARNING,1336897264,3,20000,3,591.173
c203,100,C2,QLEARNING,1336897264,3,25000,3,591.173
c203,100,C2,CLASSIC,1336881426,1,5000,3,591.173
c203,100,C2,CLASSIC,1336881426,1,10000,3,591.173
c203,100,C2,CLASSIC,1336881426,1,15000,3,591.173
c203,100,C2,CLASSIC,1336881426,1,20000,3,591.173
c203,100,C2,CLASSIC,1336881426,1,25000,3,591.173
c203,100,C2,QLEARNING,1336889345,2,5000,3,591.173
c203,100,C2,QLEARNING,1336889345,2,10000,3,591.173
c203,100,C2,QLEARNING,1336889345,2,15000,3,591.173
c203,100,C2,QLEARNING,1336889345,2,20000,3,591.173
c203,100,C2,QLEARNING,1336889345,2,25000,3,591.173
c203,100,C2,CLASSIC,1336952697,10,5000,3,591.173
c203,100,C2,CLASSIC,1336952697,10,10000,3,591.173
c203,100,C2,CLASSIC,1336952697,10,15000,3,591.173
c203,100,C2,CLASSIC,1336952697,10,20000,3,591.173
c203,100,C2,CLASSIC,1336952697,10,25000,3,591.173
c205,100,C2,CLASSIC,651022822,3,5000,3,588.876
c205,100,C2,CLASSIC,651022822,3,10000,3,588.876
c205,100,C2,CLASSIC,651022822,3,15000,3,588.876
c205,100,C2,CLASSIC,651022822,3,20000,3,588.876
c205,100,C2,CLASSIC,651022822,3,25000,3,588.876
c203,100,C2,QLEARNING,1336921021,6,5000,3,591.173
c203,100,C2,QLEARNING,1336921021,6,10000,3,591.173
c203,100,C2,QLEARNING,1336921021,6,15000,3,591.173
c203,100,C2,QLEARNING,1336921021,6,20000,3,591.173
c203,100,C2,QLEARNING,1336921021,6,25000,3,591.173
c203,100,C2,CLASSIC,1336936859,8,5000,3,591.173
c203,100,C2,CLASSIC,1336936859,8,10000,3,591.173
c203,100,C2,CLASSIC,1336936859,8,15000,3,591.173
c203,100,C2,CLASSIC,1336936859,8,20000,3,591.173
c203,100,C2,CLASSIC,1336936859,8,25000,3,591.173
c203,100,C2,CLASSIC,1336944778,9,5000,3,591.173
c203,100,C2,CLASSIC,1336944778,9,10000,3,591.173
c203,100,C2,CLASSIC,1336944778,9,15000,3,591.173
c203,100,C2,CLASSIC,1336944778,9,20000,3,591.173
c203,100,C2,CLASSIC,1336944778,9,25000,3,591.173
c203,100,C2,QLEARNING,1336952697,10,5000,3,591.173
c203,100,C2,QLEARNING,1336952697,10,10000,3,591.173
c203,100,C2,QLEARNING,1336952697,10,15000,3,591.173
c203,100,C2,QLEARNING,1336952697,10,20000,3,591.173
c203,100,C2,QLEARNING,1336952697,10,25000,3,591.173
c203,100,C2,CLASSIC,1336921021,6,5000,3,591.173
c203,100,C2,CLASSIC,1336921021,6,10000,3,591.173
c203,100,C2,CLASSIC,1336921021,6,15000,3,591.173
c203,100,C2,CLASSIC,1336921021,6,20000,3,591.173
c203,100,C2,CLASSIC,1336921021,6,25000,3,591.173
c203,100,C2,QLEARNING,1336913102,5,5000,3,591.173
c203,100,C2,QLEARNING,1336913102,5,10000,3,591.173
c203,100,C2,QLEARNING,1336913102,5,15000,3,591.173
c203,100,C2,QLEARNING,1336913102,5,20000,3,591.173
c203,100,C2,QLEARNING,1336913102,5,25000,3,591.173
c203,100,C2,CLASSIC,1336889345,2,5000,3,591.173
c203,100,C2,CLASSIC,1336889345,2,10000,3,591.173
c203,100,C2,CLASSIC,1336889345,2,15000,3,591.173
c203,100,C2,CLASSIC,1336889345,2,20000,3,591.173
c203,100,C2,CLASSIC,1336889345,2,25000,3,591.173
c205,100,C2,CLASSIC,651030741,4,5000,3,588.876
c205,100,C2,CLASSIC,651030741,4,10000,3,588.876
c205,100,C2,CLASSIC,651030741,4,15000,3,588.876
c205,100,C2,CLASSIC,651030741,4,20000,3,588.876
c205,100,C2,CLASSIC,651030741,4,25000,3,588.876
c205,100,C2,CLASSIC,651046579,6,5000,3,588.876
c205,100,C2,CLASSIC,651046579,6,10000,3,588.876
c205,100,C2,CLASSIC,651046579,6,15000,3,588.876
c205,100,C2,CLASSIC,651046579,6,20000,3,588.876
c205,100,C2,CLASSIC,651046579,6,25000,3,588.876
c203,100,C2,CLASSIC,1336928940,7,5000,3,591.173
c203,100,C2,CLASSIC,1336928940,7,10000,3,591.173
c203,100,C2,CLASSIC,1336928940,7,15000,3,591.173
c203,100,C2,CLASSIC,1336928940,7,20000,3,591.173
c203,100,C2,CLASSIC,1336928940,7,25000,3,591.173
c203,100,C2,CLASSIC,1336905183,4,5000,3,591.173
c203,100,C2,CLASSIC,1336905183,4,10000,3,591.173
c203,100,C2,CLASSIC,1336905183,4,15000,3,591.173
c203,100,C2,CLASSIC,1336905183,4,20000,3,591.173
c203,100,C2,CLASSIC,1336905183,4,25000,3,591.173
c204,100,C2,CLASSIC,1372306154,9,5000,3,590.599
c204,100,C2,CLASSIC,1372306154,9,10000,3,590.599
c204,100,C2,CLASSIC,1372306154,9,15000,3,590.599
c204,100,C2,CLASSIC,1372306154,9,20000,3,590.599
c204,100,C2,CLASSIC,1372306154,9,25000,3,590.599
c205,100,C2,CLASSIC,651038660,5,5000,3,588.876
c205,100,C2,CLASSIC,651038660,5,10000,3,588.876
c205,100,C2,CLASSIC,651038660,5,15000,3,588.876
c205,100,C2,CLASSIC,651038660,5,20000,3,588.876
c205,100,C2,CLASSIC,651038660,5,25000,3,588.876
c204,100,C2,QLEARNING,1372282397,6,5000,3,591.173
c204,100,C2,QLEARNING,1372282397,6,10000,3,590.599
c204,100,C2,QLEARNING,1372282397,6,15000,3,590.599
c204,100,C2,QLEARNING,1372282397,6,20000,3,590.599
c204,100,C2,QLEARNING,1372282397,6,25000,3,590.599
c205,100,C2,CLASSIC,651062417,8,5000,3,588.876
c205,100,C2,CLASSIC,651062417,8,10000,3,588.876
c205,100,C2,CLASSIC,651062417,8,15000,3,588.876
c205,100,C2,CLASSIC,651062417,8,20000,3,588.876
c205,100,C2,CLASSIC,651062417,8,25000,3,588.876
c204,100,C2,QLEARNING,1372306154,9,5000,3,590.599
c204,100,C2,QLEARNING,1372306154,9,10000,3,590.599
c204,100,C2,QLEARNING,1372306154,9,15000,3,590.599
c204,100,C2,QLEARNING,1372306154,9,20000,3,590.599
c204,100,C2,QLEARNING,1372306154,9,25000,3,590.599
c204,100,C2,QLEARNING,1372242802,1,5000,3,590.599
c204,100,C2,QLEARNING,1372242802,1,10000,3,590.599
c204,100,C2,QLEARNING,1372242802,1,15000,3,590.599
c204,100,C2,QLEARNING,1372242802,1,20000,3,590.599
c204,100,C2,QLEARNING,1372242802,1,25000,3,590.599
c204,100,C2,QLEARNING,1372250721,2,5000,3,591.173
c204,100,C2,QLEARNING,1372250721,2,10000,3,590.599
c204,100,C2,QLEARNING,1372250721,2,15000,3,590.599
c204,100,C2,QLEARNING,1372250721,2,20000,3,590.599
c204,100,C2,QLEARNING,1372250721,2,25000,3,590.599
c204,100,C2,QLEARNING,1372274478,5,5000,3,590.599
c204,100,C2,QLEARNING,1372274478,5,10000,3,590.599
c204,100,C2,QLEARNING,1372274478,5,15000,3,590.599
c204,100,C2,QLEARNING,1372274478,5,20000,3,590.599
c204,100,C2,QLEARNING,1372274478,5,25000,3,590.599
c205,100,C2,CLASSIC,651078255,10,5000,3,588.876
c205,100,C2,CLASSIC,651078255,10,10000,3,588.876
c205,100,C2,CLASSIC,651078255,10,15000,3,588.876
c205,100,C2,CLASSIC,651078255,10,20000,3,588.876
c205,100,C2,CLASSIC,651078255,10,25000,3,588.876
c204,100,C2,QLEARNING,1372266559,4,5000,3,590.599
c204,100,C2,QLEARNING,1372266559,4,10000,3,590.599
c204,100,C2,QLEARNING,1372266559,4,15000,3,590.599
c204,100,C2,QLEARNING,1372266559,4,20000,3,590.599
c204,100,C2,QLEARNING,1372266559,4,25000,3,590.599
c205,100,C2,CLASSIC,651070336,9,5000,3,588.876
c205,100,C2,CLASSIC,651070336,9,10000,3,588.876
c205,100,C2,CLASSIC,651070336,9,15000,3,588.876
c205,100,C2,CLASSIC,651070336,9,20000,3,588.876
c205,100,C2,CLASSIC,651070336,9,25000,3,588.876
c205,100,C2,QLEARNING,651014903,2,5000,3,588.876
c205,100,C2,QLEARNING,651014903,2,10000,3,588.876
c205,100,C2,QLEARNING,651014903,2,15000,3,588.876
c205,100,C2,QLEARNING,651014903,2,20000,3,588.876
c205,100,C2,QLEARNING,651014903,2,25000,3,588.876
c204,100,C2,QLEARNING,1372290316,7,5000,3,590.599
c204,100,C2,QLEARNING,1372290316,7,10000,3,590.599
c204,100,C2,QLEARNING,1372290316,7,15000,3,590.599
c204,100,C2,QLEARNING,1372290316,7,20000,3,590.599
c204,100,C2,QLEARNING,1372290316,7,25000,3,590.599
c204,100,C2,QLEARNING,1372258640,3,5000,3,590.599
c204,100,C2,QLEARNING,1372258640,3,10000,3,590.599
c204,100,C2,QLEARNING,1372258640,3,15000,3,590.599
c204,100,C2,QLEARNING,1372258640,3,20000,3,590.599
c204,100,C2,QLEARNING,1372258640,3,25000,3,590.599
c205,100,C2,CLASSIC,651054498,7,5000,3,588.876
c205,100,C2,CLASSIC,651054498,7,10000,3,588.876
c205,100,C2,CLASSIC,651054498,7,15000,3,588.876
c205,100,C2,CLASSIC,651054498,7,20000,3,588.876
c205,100,C2,CLASSIC,651054498,7,25000,3,588.876
c205,100,C2,QLEARNING,651070336,9,5000,3,588.876
c205,100,C2,QLEARNING,651070336,9,10000,3,588.876
c205,100,C2,QLEARNING,651070336,9,15000,3,588.876
c205,100,C2,QLEARNING,651070336,9,20000,3,588.876
c205,100,C2,QLEARNING,651070336,9,25000,3,588.876
c204,100,C2,QLEARNING,1372298235,8,5000,3,591.173
c204,100,C2,QLEARNING,1372298235,8,10000,3,590.599
c204,100,C2,QLEARNING,1372298235,8,15000,3,590.599
c204,100,C2,QLEARNING,1372298235,8,20000,3,590.599
c204,100,C2,QLEARNING,1372298235,8,25000,3,590.599
c205,100,C2,QLEARNING,651078255,10,5000,3,588.876
c205,100,C2,QLEARNING,651078255,10,10000,3,588.876
c205,100,C2,QLEARNING,651078255,10,15000,3,588.876
c205,100,C2,QLEARNING,651078255,10,20000,3,588.876
c205,100,C2,QLEARNING,651078255,10,25000,3,588.876
c204,100,C2,QLEARNING,1372314073,10,5000,3,591.557
c204,100,C2,QLEARNING,1372314073,10,10000,3,590.599
c204,100,C2,QLEARNING,1372314073,10,15000,3,590.599
c204,100,C2,QLEARNING,1372314073,10,20000,3,590.599
c204,100,C2,QLEARNING,1372314073,10,25000,3,590.599
c204,100,C2,CLASSIC,1372314073,10,5000,3,590.599
c204,100,C2,CLASSIC,1372314073,10,10000,3,590.599
c204,100,C2,CLASSIC,1372314073,10,15000,3,590.599
c204,100,C2,CLASSIC,1372314073,10,20000,3,590.599
c204,100,C2,CLASSIC,1372314073,10,25000,3,590.599
c205,100,C2,QLEARNING,651006984,1,5000,3,588.876
c205,100,C2,QLEARNING,651006984,1,10000,3,588.876
c205,100,C2,QLEARNING,651006984,1,15000,3,588.876
c205,100,C2,QLEARNING,651006984,1,20000,3,588.876
c205,100,C2,QLEARNING,651006984,1,25000,3,588.876
c204,100,C2,CLASSIC,1372250721,2,5000,3,590.599
c204,100,C2,CLASSIC,1372250721,2,10000,3,590.599
c204,100,C2,CLASSIC,1372250721,2,15000,3,590.599
c204,100,C2,CLASSIC,1372250721,2,20000,3,590.599
c204,100,C2,CLASSIC,1372250721,2,25000,3,590.599
c205,100,C2,QLEARNING,651030741,4,5000,3,588.876
c205,100,C2,QLEARNING,651030741,4,10000,3,588.876
c205,100,C2,QLEARNING,651030741,4,15000,3,588.876
c205,100,C2,QLEARNING,651030741,4,20000,3,588.876
c205,100,C2,QLEARNING,651030741,4,25000,3,588.876
c204,100,C2,CLASSIC,1372266559,4,5000,3,590.599
c204,100,C2,CLASSIC,1372266559,4,10000,3,590.599
c204,100,C2,CLASSIC,1372266559,4,15000,3,590.599
c204,100,C2,CLASSIC,1372266559,4,20000,3,590.599
c204,100,C2,CLASSIC,1372266559,4,25000,3,590.599
c204,100,C2,CLASSIC,1372258640,3,5000,3,590.599
c204,100,C2,CLASSIC,1372258640,3,10000,3,590.599
c204,100,C2,CLASSIC,1372258640,3,15000,3,590.599
c204,100,C2,CLASSIC,1372258640,3,20000,3,590.599
c204,100,C2,CLASSIC,1372258640,3,25000,3,590.599
c205,100,C2,QLEARNING,651046579,6,5000,3,588.876
c205,100,C2,QLEARNING,651046579,6,10000,3,588.876
c205,100,C2,QLEARNING,651046579,6,15000,3,588.876
c205,100,C2,QLEARNING,651046579,6,20000,3,588.876
c205,100,C2,QLEARNING,651046579,6,25000,3,588.876
c205,100,C2,QLEARNING,651022822,3,5000,3,588.876
c205,100,C2,QLEARNING,651022822,3,10000,3,588.876
c205,100,C2,QLEARNING,651022822,3,15000,3,588.876
c205,100,C2,QLEARNING,651022822,3,20000,3,588.876
c205,100,C2,QLEARNING,651022822,3,25000,3,588.876
c205,100,C2,QLEARNING,651054498,7,5000,3,588.876
c205,100,C2,QLEARNING,651054498,7,10000,3,588.876
c205,100,C2,QLEARNING,651054498,7,15000,3,588.876
c205,100,C2,QLEARNING,651054498,7,20000,3,588.876
c205,100,C2,QLEARNING,651054498,7,25000,3,588.876
c204,100,C2,CLASSIC,1372274478,5,5000,3,590.599
c204,100,C2,CLASSIC,1372274478,5,10000,3,590.599
c204,100,C2,CLASSIC,1372274478,5,15000,3,590.599
c204,100,C2,CLASSIC,1372274478,5,20000,3,590.599
c204,100,C2,CLASSIC,1372274478,5,25000,3,590.599
c204,100,C2,CLASSIC,1372242802,1,5000,3,590.599
c204,100,C2,CLASSIC,1372242802,1,10000,3,590.599
c204,100,C2,CLASSIC,1372242802,1,15000,3,590.599
c204,100,C2,CLASSIC,1372242802,1,20000,3,590.599
c204,100,C2,CLASSIC,1372242802,1,25000,3,590.599
c205,100,C2,QLEARNING,651038660,5,5000,3,588.876
c205,100,C2,QLEARNING,651038660,5,10000,3,588.876
c205,100,C2,QLEARNING,651038660,5,15000,3,588.876
c205,100,C2,QLEARNING,651038660,5,20000,3,588.876
c205,100,C2,QLEARNING,651038660,5,25000,3,588.876
c206,100,C2,CLASSIC,1069843324,2,5000,3,588.493
c206,100,C2,CLASSIC,1069843324,2,10000,3,588.493
c206,100,C2,CLASSIC,1069843324,2,15000,3,588.493
c206,100,C2,CLASSIC,1069843324,2,20000,3,588.493
c206,100,C2,CLASSIC,1069843324,2,25000,3,588.493
c204,100,C2,CLASSIC,1372298235,8,5000,3,591.173
c204,100,C2,CLASSIC,1372298235,8,10000,3,590.599
c204,100,C2,CLASSIC,1372298235,8,15000,3,590.599
c204,100,C2,CLASSIC,1372298235,8,20000,3,590.599
c204,100,C2,CLASSIC,1372298235,8,25000,3,590.599
c206,100,C2,CLASSIC,1069835405,1,5000,3,588.493
c206,100,C2,CLASSIC,1069835405,1,10000,3,588.493
c206,100,C2,CLASSIC,1069835405,1,15000,3,588.493
c206,100,C2,CLASSIC,1069835405,1,20000,3,588.493
c206,100,C2,CLASSIC,1069835405,1,25000,3,588.493
c204,100,C2,CLASSIC,1372282397,6,5000,3,590.599
c204,100,C2,CLASSIC,1372282397,6,10000,3,590.599
c204,100,C2,CLASSIC,1372282397,6,15000,3,590.599
c204,100,C2,CLASSIC,1372282397,6,20000,3,590.599
c204,100,C2,CLASSIC,1372282397,6,25000,3,590.599
c205,100,C2,QLEARNING,651062417,8,5000,3,588.876
c205,100,C2,QLEARNING,651062417,8,10000,3,588.876
c205,100,C2,QLEARNING,651062417,8,15000,3,588.876
c205,100,C2,QLEARNING,651062417,8,20000,3,588.876
c205,100,C2,QLEARNING,651062417,8,25000,3,588.876
c206,100,C2,CLASSIC,1069882919,7,5000,3,588.493
c206,100,C2,CLASSIC,1069882919,7,10000,3,588.493
c206,100,C2,CLASSIC,1069882919,7,15000,3,588.493
c206,100,C2,CLASSIC,1069882919,7,20000,3,588.493
c206,100,C2,CLASSIC,1069882919,7,25000,3,588.493
c206,100,C2,CLASSIC,1069859162,4,5000,3,588.493
c206,100,C2,CLASSIC,1069859162,4,10000,3,588.493
c206,100,C2,CLASSIC,1069859162,4,15000,3,588.493
c206,100,C2,CLASSIC,1069859162,4,20000,3,588.493
c206,100,C2,CLASSIC,1069859162,4,25000,3,588.493
c206,100,C2,CLASSIC,1069890838,8,5000,3,588.493
c206,100,C2,CLASSIC,1069890838,8,10000,3,588.493
c206,100,C2,CLASSIC,1069890838,8,15000,3,588.493
c206,100,C2,CLASSIC,1069890838,8,20000,3,588.493
c206,100,C2,CLASSIC,1069890838,8,25000,3,588.493
c204,100,C2,CLASSIC,1372290316,7,5000,3,590.599
c204,100,C2,CLASSIC,1372290316,7,10000,3,590.599
c204,100,C2,CLASSIC,1372290316,7,15000,3,590.599
c204,100,C2,CLASSIC,1372290316,7,20000,3,590.599
c204,100,C2,CLASSIC,1372290316,7,25000,3,590.599
c206,100,C2,QLEARNING,1069867081,5,5000,3,588.493
c206,100,C2,QLEARNING,1069867081,5,10000,3,588.493
c206,100,C2,QLEARNING,1069867081,5,15000,3,588.493
c206,100,C2,QLEARNING,1069867081,5,20000,3,588.493
c206,100,C2,QLEARNING,1069867081,5,25000,3,588.493
c206,100,C2,CLASSIC,1069906676,10,5000,3,588.493
c206,100,C2,CLASSIC,1069906676,10,10000,3,588.493
c206,100,C2,CLASSIC,1069906676,10,15000,3,588.493
c206,100,C2,CLASSIC,1069906676,10,20000,3,588.493
c206,100,C2,CLASSIC,1069906676,10,25000,3,588.493
c206,100,C2,QLEARNING,1069843324,2,5000,3,588.493
c206,100,C2,QLEARNING,1069843324,2,10000,3,588.493
c206,100,C2,QLEARNING,1069843324,2,15000,3,588.493
c206,100,C2,QLEARNING,1069843324,2,20000,3,588.493
c206,100,C2,QLEARNING,1069843324,2,25000,3,588.493
c206,100,C2,QLEARNING,1069851243,3,5000,3,588.493
c206,100,C2,QLEARNING,1069851243,3,10000,3,588.493
c206,100,C2,QLEARNING,1069851243,3,15000,3,588.493
c206,100,C2,QLEARNING,1069851243,3,20000,3,588.493
c206,100,C2,QLEARNING,1069851243,3,25000,3,588.493
c206,100,C2,CLASSIC,1069898757,9,5000,3,588.493
c206,100,C2,CLASSIC,1069898757,9,10000,3,588.493
c206,100,C2,CLASSIC,1069898757,9,15000,3,588.493
c206,100,C2,CLASSIC,1069898757,9,20000,3,588.493
c206,100,C2,CLASSIC,1069898757,9,25000,3,588.493
c207,100,C2,CLASSIC,1220769051,1,5000,3,588.286
c207,100,C2,CLASSIC,1220769051,1,10000,3,588.286
c207,100,C2,CLASSIC,1220769051,1,15000,3,588.286
c207,100,C2,CLASSIC,1220769051,1,20000,3,588.286
c207,100,C2,CLASSIC,1220769051,1,25000,3,588.286
c206,100,C2,CLASSIC,1069851243,3,5000,3,588.493
c206,100,C2,CLASSIC,1069851243,3,10000,3,588.493
c206,100,C2,CLASSIC,1069851243,3,15000,3,588.493
c206,100,C2,CLASSIC,1069851243,3,20000,3,588.493
c206,100,C2,CLASSIC,1069851243,3,25000,3,588.493
c206,100,C2,CLASSIC,1069867081,5,5000,3,588.493
c206,100,C2,CLASSIC,1069867081,5,10000,3,588.493
c206,100,C2,CLASSIC,1069867081,5,15000,3,588.493
c206,100,C2,CLASSIC,1069867081,5,20000,3,588.493
c206,100,C2,CLASSIC,1069867081,5,25000,3,588.493
c206,100,C2,CLASSIC,1069875000,6,5000,3,588.493
c206,100,C2,CLASSIC,1069875000,6,10000,3,588.493
c206,100,C2,CLASSIC,1069875000,6,15000,3,588.493
c206,100,C2,CLASSIC,1069875000,6,20000,3,588.493
c206,100,C2,CLASSIC,1069875000,6,25000,3,588.493
c206,100,C2,QLEARNING,1069890838,8,5000,3,588.493
c206,100,C2,QLEARNING,1069890838,8,10000,3,588.493
c206,100,C2,QLEARNING,1069890838,8,15000,3,588.493
c206,100,C2,QLEARNING,1069890838,8,20000,3,588.493
c206,100,C2,QLEARNING,1069890838,8,25000,3,588.493
r101,100,R1,CLASSIC,1262706061,1,5000,19,1661.9
r101,100,R1,CLASSIC,1262706061,1,10000,19,1660.25
r101,100,R1,CLASSIC,1262706061,1,15000,19,1658.85
r101,100,R1,CLASSIC,1262706061,1,20000,19,1658.85
r101,100,R1,CLASSIC,1262706061,1,25000,19,1658.85
r101,100,R1,CLASSIC,1262721899,3,5000,19,1668.17
r101,100,R1,CLASSIC,1262721899,3,10000,19,1668.17
r101,100,R1,CLASSIC,1262721899,3,15000,19,1668.17
r101,100,R1,CLASSIC,1262721899,3,20000,19,1663.36
r101,100,R1,CLASSIC,1262721899,3,25000,19,1663.36
c207,100,C2,CLASSIC,1220816565,7,5000,3,588.286
c207,100,C2,CLASSIC,1220816565,7,10000,3,588.286
c207,100,C2,CLASSIC,1220816565,7,15000,3,588.286
c207,100,C2,CLASSIC,1220816565,7,20000,3,588.286
c207,100,C2,CLASSIC,1220816565,7,25000,3,588.286
c206,100,C2,QLEARNING,1069898757,9,5000,3,588.493
c206,100,C2,QLEARNING,1069898757,9,10000,3,588.493
c206,100,C2,QLEARNING,1069898757,9,15000,3,588.493
c206,100,C2,QLEARNING,1069898757,9,20000,3,588.493
c206,100,C2,QLEARNING,1069898757,9,25000,3,588.493
c206,100,C2,QLEARNING,1069835405,1,5000,3,588.493
c206,100,C2,QLEARNING,1069835405,1,10000,3,588.493
c206,100,C2,QLEARNING,1069835405,1,15000,3,588.493
c206,100,C2,QLEARNING,1069835405,1,20000,3,588.493
c206,100,C2,QLEARNING,1069835405,1,25000,3,588.493
c206,100,C2,QLEARNING,1069882919,7,5000,3,588.493
c206,100,C2,QLEARNING,1069882919,7,10000,3,588.493
c206,100,C2,QLEARNING,1069882919,7,15000,3,588.493
c206,100,C2,QLEARNING,1069882919,7,20000,3,588.493
c206,100,C2,QLEARNING,1069882919,7,25000,3,588.493
c206,100,C2,QLEARNING,1069875000,6,5000,3,588.493
c206,100,C2,QLEARNING,1069875000,6,10000,3,588.493
c206,100,C2,QLEARNING,1069875000,6,15000,3,588.493
c206,100,C2,QLEARNING,1069875000,6,20000,3,588.493
c206,100,C2,QLEARNING,1069875000,6,25000,3,588.493
c206,100,C2,QLEARNING,1069906676,10,5000,3,588.493
c206,100,C2,QLEARNING,1069906676,10,10000,3,588.493
c206,100,C2,QLEARNING,1069906676,10,15000,3,588.493
c206,100,C2,QLEARNING,1069906676,10,20000,3,588.493
c206,100,C2,QLEARNING,1069906676,10,25000,3,588.493
r101,100,R1,CLASSIC,1262713980,2,5000,19,1667.87
r101,100,R1,CLASSIC,1262713980,2,10000,19,1657.99
r101,100,R1,CLASSIC,1262713980,2,15000,19,1657.99
r101,100,R1,CLASSIC,1262713980,2,20000,19,1656.83
r101,100,R1,CLASSIC,1262713980,2,25000,19,1656.83
r101,100,R1,CLASSIC,1262753575,7,5000,19,1671.3
r101,100,R1,CLASSIC,1262753575,7,10000,19,1666.37
r101,100,R1,CLASSIC,1262753575,7,15000,19,1661.83
r101,100,R1,CLASSIC,1262753575,7,20000,19,1661.3
r101,100,R1,CLASSIC,1262753575,7,25000,19,1661.3
r101,100,R1,QLEARNING,1262706061,1,5000,19,1662.36
r101,100,R1,QLEARNING,1262706061,1,10000,19,1660.73
r101,100,R1,QLEARNING,1262706061,1,15000,19,1658.15
r101,100,R1,QLEARNING,1262706061,1,20000,19,1651.79
r101,100,R1,QLEARNING,1262706061,1,25000,19,1651.5
c206,100,C2,QLEARNING,1069859162,4,5000,3,588.493
c206,100,C2,QLEARNING,1069859162,4,10000,3,588.493
c206,100,C2,QLEARNING,1069859162,4,15000,3,588.493
c206,100,C2,QLEARNING,1069859162,4,20000,3,588.493
c206,100,C2,QLEARNING,1069859162,4,25000,3,588.493
c207,100,C2,CLASSIC,1220792808,4,5000,3,588.286
c207,100,C2,CLASSIC,1220792808,4,10000,3,588.286
c207,100,C2,CLASSIC,1220792808,4,15000,3,588.286
c207,100,C2,CLASSIC,1220792808,4,20000,3,588.286
c207,100,C2,CLASSIC,1220792808,4,25000,3,588.286
r101,100,R1,QLEARNING,1262721899,3,5000,19,1655.08
r101,100,R1,QLEARNING,1262721899,3,10000,19,1655.08
r101,100,R1,QLEARNING,1262721899,3,15000,19,1655.08
r101,100,R1,QLEARNING,1262721899,3,20000,19,1653.81
r101,100,R1,QLEARNING,1262721899,3,25000,19,1653.81
r101,100,R1,QLEARNING,1262713980,2,5000,19,1655.55
r101,100,R1,QLEARNING,1262713980,2,10000,19,1655.55
r101,100,R1,QLEARNING,1262713980,2,15000,19,1655.55
r101,100,R1,QLEARNING,1262713980,2,20000,19,1655.55
r101,100,R1,QLEARNING,1262713980,2,25000,19,1655.55
r101,100,R1,CLASSIC,1262737737,5,5000,19,1659.61
r101,100,R1,CLASSIC,1262737737,5,10000,19,1655.39
r101,100,R1,CLASSIC,1262737737,5,15000,19,1655.39
r101,100,R1,CLASSIC,1262737737,5,20000,19,1655.39
r101,100,R1,CLASSIC,1262737737,5,25000,19,1655.39
r101,100,R1,CLASSIC,1262729818,4,5000,19,1664.75
r101,100,R1,CLASSIC,1262729818,4,10000,19,1661.39
r101,100,R1,CLASSIC,1262729818,4,15000,19,1661.21
r101,100,R1,CLASSIC,1262729818,4,20000,19,1656.43
r101,100,R1,CLASSIC,1262729818,4,25000,19,1654.38
c207,100,C2,QLEARNING,1220792808,4,5000,3,588.286
c207,100,C2,QLEARNING,1220792808,4,10000,3,588.286
c207,100,C2,QLEARNING,1220792808,4,15000,3,588.286
c207,100,C2,QLEARNING,1220792808,4,20000,3,588.286
c207,100,C2,QLEARNING,1220792808,4,25000,3,588.286
c207,100,C2,CLASSIC,1220840322,10,5000,3,588.286
c207,100,C2,CLASSIC,1220840322,10,10000,3,588.286
c207,100,C2,CLASSIC,1220840322,10,15000,3,588.286
c207,100,C2,CLASSIC,1220840322,10,20000,3,588.286
c207,100,C2,CLASSIC,1220840322,10,25000,3,588.286
c208,100,C2,CLASSIC,1484556171,1,5000,3,588.324
c208,100,C2,CLASSIC,1484556171,1,10000,3,588.324
c208,100,C2,CLASSIC,1484556171,1,15000,3,588.324
c208,100,C2,CLASSIC,1484556171,1,20000,3,588.324
c208,100,C2,CLASSIC,1484556171,1,25000,3,588.324
c208,100,C2,CLASSIC,1484587847,5,5000,3,588.324
c208,100,C2,CLASSIC,1484587847,5,10000,3,588.324
c208,100,C2,CLASSIC,1484587847,5,15000,3,588.324
c208,100,C2,CLASSIC,1484587847,5,20000,3,588.324
c208,100,C2,CLASSIC,1484587847,5,25000,3,588.324
r101,100,R1,CLASSIC,1262745656,6,5000,19,1665.22
r101,100,R1,CLASSIC,1262745656,6,10000,19,1663.07
r101,100,R1,CLASSIC,1262745656,6,15000,19,1661.31
r101,100,R1,CLASSIC,1262745656,6,20000,19,1658.37
r101,100,R1,CLASSIC,1262745656,6,25000,19,1658.37
r101,100,R1,CLASSIC,1262777332,10,5000,19,1666.8
r101,100,R1,CLASSIC,1262777332,10,10000,19,1656.99
r101,100,R1,CLASSIC,1262777332,10,15000,19,1656.99
r101,100,R1,CLASSIC,1262777332,10,20000,19,1656.99
r101,100,R1,CLASSIC,1262777332,10,25000,19,1656.99
c207,100,C2,CLASSIC,1220776970,2,5000,3,588.286
c207,100,C2,CLASSIC,1220776970,2,10000,3,588.286
c207,100,C2,CLASSIC,1220776970,2,15000,3,588.286
c207,100,C2,CLASSIC,1220776970,2,20000,3,588.286
c207,100,C2,CLASSIC,1220776970,2,25000,3,588.286
c208,100,C2,CLASSIC,1484564090,2,5000,3,588.324
c208,100,C2,CLASSIC,1484564090,2,10000,3,588.324
c208,100,C2,CLASSIC,1484564090,2,15000,3,588.324
c208,100,C2,CLASSIC,1484564090,2,20000,3,588.324
c208,100,C2,CLASSIC,1484564090,2,25000,3,588.324
r101,100,R1,CLASSIC,1262761494,8,5000,19,1664.73
r101,100,R1,CLASSIC,1262761494,8,10000,19,1662.58
r101,100,R1,CLASSIC,1262761494,8,15000,19,1662.58
r101,100,R1,CLASSIC,1262761494,8,20000,19,1662.58
r101,100,R1,CLASSIC,1262761494,8,25000,19,1662.58
r101,100,R1,QLEARNING,1262753575,7,5000,19,1657.27
r101,100,R1,QLEARNING,1262753575,7,10000,19,1653.56
r101,100,R1,QLEARNING,1262753575,7,15000,19,1653.56
r101,100,R1,QLEARNING,1262753575,7,20000,19,1653.56
r101,100,R1,QLEARNING,1262753575,7,25000,19,1653.56
c207,100,C2,QLEARNING,1220784889,3,5000,3,588.286
c207,100,C2,QLEARNING,1220784889,3,10000,3,588.286
c207,100,C2,QLEARNING,1220784889,3,15000,3,588.286
c207,100,C2,QLEARNING,1220784889,3,20000,3,588.286
c207,100,C2,QLEARNING,1220784889,3,25000,3,588.286
r101,100,R1,CLASSIC,1262769413,9,5000,19,1661.39
r101,100,R1,CLASSIC,1262769413,9,10000,19,1661.39
r101,100,R1,CLASSIC,1262769413,9,15000,19,1661.39
r101,100,R1,CLASSIC,1262769413,9,20000,19,1661.39
r101,100,R1,CLASSIC,1262769413,9,25000,19,1661.39
c207,100,C2,QLEARNING,1220769051,1,5000,3,588.286
c207,100,C2,QLEARNING,1220769051,1,10000,3,588.286
c207,100,C2,QLEARNING,1220769051,1,15000,3,588.286
c207,100,C2,QLEARNING,1220769051,1,20000,3,588.286
c207,100,C2,QLEARNING,1220769051,1,25000,3,588.286
r101,100,R1,QLEARNING,1262737737,5,5000,19,1658.73
r101,100,R1,QLEARNING,1262737737,5,10000,19,1658.13
r101,100,R1,QLEARNING,1262737737,5,15000,19,1657.1
r101,100,R1,QLEARNING,1262737737,5,20000,19,1655.41
r101,100,R1,QLEARNING,1262737737,5,25000,19,1655.41
r101,100,R1,QLEARNING,1262777332,10,5000,19,1655.89
r101,100,R1,QLEARNING,1262777332,10,10000,19,1653.14
r101,100,R1,QLEARNING,1262777332,10,15000,19,1653.14
r101,100,R1,QLEARNING,1262777332,10,20000,19,1653.14
r101,100,R1,QLEARNING,1262777332,10,25000,19,1653.14
c207,100,C2,CLASSIC,1220784889,3,5000,3,588.286
c207,100,C2,CLASSIC,1220784889,3,10000,3,588.286
c207,100,C2,CLASSIC,1220784889,3,15000,3,588.286
c207,100,C2,CLASSIC,1220784889,3,20000,3,588.286
c207,100,C2,CLASSIC,1220784889,3,25000,3,588.286
r101,100,R1,QLEARNING,1262729818,4,5000,19,1653.81
r101,100,R1,QLEARNING,1262729818,4,10000,19,1653.76
r101,100,R1,QLEARNING,1262729818,4,15000,19,1653.76
r101,100,R1,QLEARNING,1262729818,4,20000,19,1653.76
r101,100,R1,QLEARNING,1262729818,4,25000,19,1653.76
c208,100,C2,CLASSIC,1484627442,10,5000,3,588.324
c208,100,C2,CLASSIC,1484627442,10,10000,3,588.324
c208,100,C2,CLASSIC,1484627442,10,15000,3,588.324
c208,100,C2,CLASSIC,1484627442,10,20000,3,588.324
c208,100,C2,CLASSIC,1484627442,10,25000,3,588.324
c208,100,C2,QLEARNING,1484572009,3,5000,3,588.324
c208,100,C2,QLEARNING,1484572009,3,10000,3,588.324
c208,100,C2,QLEARNING,1484572009,3,15000,3,588.324
c208,100,C2,QLEARNING,1484572009,3,20000,3,588.324
c208,100,C2,QLEARNING,1484572009,3,25000,3,588.324
c207,100,C2,CLASSIC,1220832403,9,5000,3,588.286
c207,100,C2,CLASSIC,1220832403,9,10000,3,588.286
c207,100,C2,CLASSIC,1220832403,9,15000,3,588.286
c207,100,C2,CLASSIC,1220832403,9,20000,3,588.286
c207,100,C2,CLASSIC,1220832403,9,25000,3,588.286
c207,100,C2,CLASSIC,1220808646,6,5000,3,588.286
c207,100,C2,CLASSIC,1220808646,6,10000,3,588.286
c207,100,C2,CLASSIC,1220808646,6,15000,3,588.286
c207,100,C2,CLASSIC,1220808646,6,20000,3,588.286
c207,100,C2,CLASSIC,1220808646,6,25000,3,588.286
c207,100,C2,QLEARNING,1220776970,2,5000,3,588.286
c207,100,C2,QLEARNING,1220776970,2,10000,3,588.286
c207,100,C2,QLEARNING,1220776970,2,15000,3,588.286
c207,100,C2,QLEARNING,1220776970,2,20000,3,588.286
c207,100,C2,QLEARNING,1220776970,2,25000,3,588.286
r101,100,R1,QLEARNING,1262769413,9,5000,19,1658.54
r101,100,R1,QLEARNING,1262769413,9,10000,19,1652.47
r101,100,R1,QLEARNING,1262769413,9,15000,19,1652.47
r101,100,R1,QLEARNING,1262769413,9,20000,19,1652.47
r101,100,R1,QLEARNING,1262769413,9,25000,19,1652.47
r101,100,R1,QLEARNING,1262745656,6,5000,19,1659.51
r101,100,R1,QLEARNING,1262745656,6,10000,19,1655.94
r101,100,R1,QLEARNING,1262745656,6,15000,19,1653.19
r101,100,R1,QLEARNING,1262745656,6,20000,19,1653.19
r101,100,R1,QLEARNING,1262745656,6,25000,19,1653.19
c207,100,C2,QLEARNING,1220816565,7,5000,3,588.286
c207,100,C2,QLEARNING,1220816565,7,10000,3,588.286
c207,100,C2,QLEARNING,1220816565,7,15000,3,588.286
c207,100,C2,QLEARNING,1220816565,7,20000,3,588.286
c207,100,C2,QLEARNING,1220816565,7,25000,3,588.286
c207,100,C2,CLASSIC,1220800727,5,5000,3,588.286
c207,100,C2,CLASSIC,1220800727,5,10000,3,588.286
c207,100,C2,CLASSIC,1220800727,5,15000,3,588.286
c207,100,C2,CLASSIC,1220800727,5,20000,3,588.286
c207,100,C2,CLASSIC,1220800727,5,25000,3,588.286
c208,100,C2,CLASSIC,1484579928,4,5000,3,588.324
c208,100,C2,CLASSIC,1484579928,4,10000,3,588.324
c208,100,C2,CLASSIC,1484579928,4,15000,3,588.324
c208,100,C2,CLASSIC,1484579928,4,20000,3,588.324
c208,100,C2,CLASSIC,1484579928,4,25000,3,588.324
c207,100,C2,CLASSIC,1220824484,8,5000,3,588.286
c207,100,C2,CLASSIC,1220824484,8,10000,3,588.286
c207,100,C2,CLASSIC,1220824484,8,15000,3,588.286
c207,100,C2,CLASSIC,1220824484,8,20000,3,588.286
c207,100,C2,CLASSIC,1220824484,8,25000,3,588.286
c207,100,C2,QLEARNING,1220800727,5,5000,3,588.286
c207,100,C2,QLEARNING,1220800727,5,10000,3,588.286
c207,100,C2,QLEARNING,1220800727,5,15000,3,588.286
c207,100,C2,QLEARNING,1220800727,5,20000,3,588.286
c207,100,C2,QLEARNING,1220800727,5,25000,3,588.286
c208,100,C2,CLASSIC,1484572009,3,5000,3,588.324
c208,100,C2,CLASSIC,1484572009,3,10000,3,588.324
c208,100,C2,CLASSIC,1484572009,3,15000,3,588.324
c208,100,C2,CLASSIC,1484572009,3,20000,3,588.324
c208,100,C2,CLASSIC,1484572009,3,25000,3,588.324
c208,100,C2,QLEARNING,1484564090,2,5000,3,588.324
c208,100,C2,QLEARNING,1484564090,2,10000,3,588.324
c208,100,C2,QLEARNING,1484564090,2,15000,3,588.324
c208,100,C2,QLEARNING,1484564090,2,20000,3,588.324
c208,100,C2,QLEARNING,1484564090,2,25000,3,588.324
c207,100,C2,QLEARNING,1220824484,8,5000,3,588.286
c207,100,C2,QLEARNING,1220824484,8,10000,3,588.286
c207,100,C2,QLEARNING,1220824484,8,15000,3,588.286
c207,100,C2,QLEARNING,1220824484,8,20000,3,588.286
c207,100,C2,QLEARNING,1220824484,8,25000,3,588.286
c207,100,C2,QLEARNING,1220808646,6,5000,3,588.286
c207,100,C2,QLEARNING,1220808646,6,10000,3,588.286
c207,100,C2,QLEARNING,1220808646,6,15000,3,588.286
c207,100,C2,QLEARNING,1220808646,6,20000,3,588.286
c207,100,C2,QLEARNING,1220808646,6,25000,3,588.286
c208,100,C2,CLASSIC,1484595766,6,5000,3,588.324
c208,100,C2,CLASSIC,1484595766,6,10000,3,588.324
c208,100,C2,CLASSIC,1484595766,6,15000,3,588.324
c208,100,C2,CLASSIC,1484595766,6,20000,3,588.324
c208,100,C2,CLASSIC,1484595766,6,25000,3,588.324
c208,100,C2,QLEARNING,1484603685,7,5000,3,588.324
c208,100,C2,QLEARNING,1484603685,7,10000,3,588.324
c208,100,C2,QLEARNING,1484603685,7,15000,3,588.324
c208,100,C2,QLEARNING,1484603685,7,20000,3,588.324
c208,100,C2,QLEARNING,1484603685,7,25000,3,588.324
c207,100,C2,QLEARNING,1220840322,10,5000,3,588.286
c207,100,C2,QLEARNING,1220840322,10,10000,3,588.286
c207,100,C2,QLEARNING,1220840322,10,15000,3,588.286
c207,100,C2,QLEARNING,1220840322,10,20000,3,588.286
c207,100,C2,QLEARNING,1220840322,10,25000,3,588.286
c208,100,C2,CLASSIC,1484611604,8,5000,3,588.324
c208,100,C2,CLASSIC,1484611604,8,10000,3,588.324
c208,100,C2,CLASSIC,1484611604,8,15000,3,588.324
c208,100,C2,CLASSIC,1484611604,8,20000,3,588.324
c208,100,C2,CLASSIC,1484611604,8,25000,3,588.324
r102,100,R1,CLASSIC,1380626184,1,5000,17,1508.94
r102,100,R1,CLASSIC,1380626184,1,10000,17,1493.85
r102,100,R1,CLASSIC,1380626184,1,15000,17,1493.85
r102,100,R1,CLASSIC,1380626184,1,20000,17,1493.19
r102,100,R1,CLASSIC,1380626184,1,25000,17,1493.19
c208,100,C2,QLEARNING,1484579928,4,5000,3,588.324
c208,100,C2,QLEARNING,1484579928,4,10000,3,588.324
c208,100,C2,QLEARNING,1484579928,4,15000,3,588.324
c208,100,C2,QLEARNING,1484579928,4,20000,3,588.324
c208,100,C2,QLEARNING,1484579928,4,25000,3,588.324
r101,100,R1,QLEARNING,1262761494,8,5000,19,1663.02
r101,100,R1,QLEARNING,1262761494,8,10000,19,1655.4
r101,100,R1,QLEARNING,1262761494,8,15000,19,1655.4
r101,100,R1,QLEARNING,1262761494,8,20000,19,1655.4
r101,100,R1,QLEARNING,1262761494,8,25000,19,1655.4
r102,100,R1,CLASSIC,1380642022,3,5000,17,1502.86
r102,100,R1,CLASSIC,1380642022,3,10000,17,1494.26
r102,100,R1,CLASSIC,1380642022,3,15000,17,1490.47
r102,100,R1,CLASSIC,1380642022,3,20000,17,1490.47
r102,100,R1,CLASSIC,1380642022,3,25000,17,1490.47
r102,100,R1,CLASSIC,1380649941,4,5000,17,1500.82
r102,100,R1,CLASSIC,1380649941,4,10000,17,1493.91
r102,100,R1,CLASSIC,1380649941,4,15000,17,1493.91
r102,100,R1,CLASSIC,1380649941,4,20000,17,1493.84
r102,100,R1,CLASSIC,1380649941,4,25000,17,1493.36
c208,100,C2,QLEARNING,1484619523,9,5000,3,588.324
c208,100,C2,QLEARNING,1484619523,9,10000,3,588.324
c208,100,C2,QLEARNING,1484619523,9,15000,3,588.324
c208,100,C2,QLEARNING,1484619523,9,20000,3,588.324
c208,100,C2,QLEARNING,1484619523,9,25000,3,588.324
c208,100,C2,CLASSIC,1484603685,7,5000,3,588.324
c208,100,C2,CLASSIC,1484603685,7,10000,3,588.324
c208,100,C2,CLASSIC,1484603685,7,15000,3,588.324
c208,100,C2,CLASSIC,1484603685,7,20000,3,588.324
c208,100,C2,CLASSIC,1484603685,7,25000,3,588.324
r102,100,R1,CLASSIC,1380689536,9,5000,17,1508.66
r102,100,R1,CLASSIC,1380689536,9,10000,17,1494.12
r102,100,R1,CLASSIC,1380689536,9,15000,17,1493.09
r102,100,R1,CLASSIC,1380689536,9,20000,17,1492.23
r102,100,R1,CLASSIC,1380689536,9,25000,17,1492.23
c207,100,C2,QLEARNING,1220832403,9,5000,3,588.286
c207,100,C2,QLEARNING,1220832403,9,10000,3,588.286
c207,100,C2,QLEARNING,1220832403,9,15000,3,588.286
c207,100,C2,QLEARNING,1220832403,9,20000,3,588.286
c207,100,C2,QLEARNING,1220832403,9,25000,3,588.286
c208,100,C2,QLEARNING,1484627442,10,5000,3,588.324
c208,100,C2,QLEARNING,1484627442,10,10000,3,588.324
c208,100,C2,QLEARNING,1484627442,10,15000,3,588.324
c208,100,C2,QLEARNING,1484627442,10,20000,3,588.324
c208,100,C2,QLEARNING,1484627442,10,25000,3,588.324
r102,100,R1,CLASSIC,1380634103,2,5000,17,1502.11
r102,100,R1,CLASSIC,1380634103,2,10000,17,1502.11
r102,100,R1,CLASSIC,1380634103,2,15000,17,1497.1
r102,100,R1,CLASSIC,1380634103,2,20000,17,1497.1
r102,100,R1,CLASSIC,1380634103,2,25000,17,1490.54
c208,100,C2,QLEARNING,1484611604,8,5000,3,588.324
c208,100,C2,QLEARNING,1484611604,8,10000,3,588.324
c208,100,C2,QLEARNING,1484611604,8,15000,3,588.324
c208,100,C2,QLEARNING,1484611604,8,20000,3,588.324
c208,100,C2,QLEARNING,1484611604,8,25000,3,588.324
c208,100,C2,QLEARNING,1484595766,6,5000,3,588.324
c208,100,C2,QLEARNING,1484595766,6,10000,3,588.324
c208,100,C2,QLEARNING,1484595766,6,15000,3,588.324
c208,100,C2,QLEARNING,1484595766,6,20000,3,588.324
c208,100,C2,QLEARNING,1484595766,6,25000,3,588.324
r102,100,R1,CLASSIC,1380697455,10,5000,17,1493.74
r102,100,R1,CLASSIC,1380697455,10,10000,17,1493.74
r102,100,R1,CLASSIC,1380697455,10,15000,17,1493.74
r102,100,R1,CLASSIC,1380697455,10,20000,17,1492.92
r102,100,R1,CLASSIC,1380697455,10,25000,17,1492.39
r102,100,R1,CLASSIC,1380681617,8,5000,17,1491.14
r102,100,R1,CLASSIC,1380681617,8,10000,17,1489.7
r102,100,R1,CLASSIC,1380681617,8,15000,17,1488.85
r102,100,R1,CLASSIC,1380681617,8,20000,17,1487.57
r102,100,R1,CLASSIC,1380681617,8,25000,17,1487.57
r102,100,R1,QLEARNING,1380634103,2,5000,17,1493.67
r102,100,R1,QLEARNING,1380634103,2,10000,17,1491.98
r102,100,R1,QLEARNING,1380634103,2,15000,17,1489.99
r102,100,R1,QLEARNING,1380634103,2,20000,17,1489.04
r102,100,R1,QLEARNING,1380634103,2,25000,17,1489.04
r102,100,R1,CLASSIC,1380673698,7,5000,17,1502.57
r102,100,R1,CLASSIC,1380673698,7,10000,17,1493.16
r102,100,R1,CLASSIC,1380673698,7,15000,17,1493.16
r102,100,R1,CLASSIC,1380673698,7,20000,17,1493.16
r102,100,R1,CLASSIC,1380673698,7,25000,17,1493.16
c208,100,C2,QLEARNING,1484556171,1,5000,3,588.324
c208,100,C2,QLEARNING,1484556171,1,10000,3,588.324
c208,100,C2,QLEARNING,1484556171,1,15000,3,588.324
c208,100,C2,QLEARNING,1484556171,1,20000,3,588.324
c208,100,C2,QLEARNING,1484556171,1,25000,3,588.324
r102,100,R1,CLASSIC,1380665779,6,5000,17,1510.15
r102,100,R1,CLASSIC,1380665779,6,10000,17,1491.18
r102,100,R1,CLASSIC,1380665779,6,15000,17,1488.29
r102,100,R1,CLASSIC,1380665779,6,20000,17,1488.29
r102,100,R1,CLASSIC,1380665779,6,25000,17,1488.29
c208,100,C2,CLASSIC,1484619523,9,5000,3,588.324
c208,100,C2,CLASSIC,1484619523,9,10000,3,588.324
c208,100,C2,CLASSIC,1484619523,9,15000,3,588.324
c208,100,C2,CLASSIC,1484619523,9,20000,3,588.324
c208,100,C2,CLASSIC,1484619523,9,25000,3,588.324
r102,100,R1,CLASSIC,1380657860,5,5000,17,1501.35
r102,100,R1,CLASSIC,1380657860,5,10000,17,1501.35
r102,100,R1,CLASSIC,1380657860,5,15000,17,1500.3
r102,100,R1,CLASSIC,1380657860,5,20000,17,1498.1
r102,100,R1,CLASSIC,1380657860,5,25000,17,1497.61
r102,100,R1,QLEARNING,1380697455,10,5000,17,1495.95
r102,100,R1,QLEARNING,1380697455,10,10000,17,1488.59
r102,100,R1,QLEARNING,1380697455,10,15000,17,1488.5
r102,100,R1,QLEARNING,1380697455,10,20000,17,1488.5
r102,100,R1,QLEARNING,1380697455,10,25000,17,1488.5
r102,100,R1,QLEARNING,1380626184,1,5000,17,1492.87
r102,100,R1,QLEARNING,1380626184,1,10000,17,1490.51
r102,100,R1,QLEARNING,1380626184,1,15000,17,1487.71
r102,100,R1,QLEARNING,1380626184,1,20000,17,1487.43
r102,100,R1,QLEARNING,1380626184,1,25000,17,1487.43
r102,100,R1,QLEARNING,1380673698,7,5000,17,1496.92
r102,100,R1,QLEARNING,1380673698,7,10000,17,1488.91
r102,100,R1,QLEARNING,1380673698,7,15000,17,1488.91
r102,100,R1,QLEARNING,1380673698,7,20000,17,1488.56
r102,100,R1,QLEARNING,1380673698,7,25000,17,1487.57
r102,100,R1,QLEARNING,1380681617,8,5000,17,1490.48
r102,100,R1,QLEARNING,1380681617,8,10000,17,1490.48
r102,100,R1,QLEARNING,1380681617,8,15000,17,1488.78
r102,100,R1,QLEARNING,1380681617,8,20000,17,1488.78
r102,100,R1,QLEARNING,1380681617,8,25000,17,1488.78
r103,100,R1,QLEARNING,625875775,4,5000,13,1300.21
r103,100,R1,QLEARNING,625875775,4,10000,13,1293.14
r103,100,R1,QLEARNING,625875775,4,15000,13,1293.14
r103,100,R1,QLEARNING,625875775,4,20000,13,1293.14
r103,100,R1,QLEARNING,625875775,4,25000,13,1292.68
r103,100,R1,CLASSIC,625915370,9,5000,13,1328.64
r103,100,R1,CLASSIC,625915370,9,10000,13,1322.73
r103,100,R1,CLASSIC,625915370,9,15000,13,1322.73
r103,100,R1,CLASSIC,625915370,9,20000,13,1321.6
r103,100,R1,CLASSIC,625915370,9,25000,13,1302.62
c208,100,C2,QLEARNING,1484587847,5,5000,3,588.324
c208,100,C2,QLEARNING,1484587847,5,10000,3,588.324
c208,100,C2,QLEARNING,1484587847,5,15000,3,588.324
c208,100,C2,QLEARNING,1484587847,5,20000,3,588.324
c208,100,C2,QLEARNING,1484587847,5,25000,3,588.324
r102,100,R1,QLEARNING,1380649941,4,5000,17,1491.63
r102,100,R1,QLEARNING,1380649941,4,10000,17,1491.63
r102,100,R1,QLEARNING,1380649941,4,15000,17,1488.6
r102,100,R1,QLEARNING,1380649941,4,20000,17,1488.59
r102,100,R1,QLEARNING,1380649941,4,25000,17,1488.59
r102,100,R1,QLEARNING,1380657860,5,5000,17,1491.32
r102,100,R1,QLEARNING,1380657860,5,10000,17,1491.03
r102,100,R1,QLEARNING,1380657860,5,15000,17,1491.03
r102,100,R1,QLEARNING,1380657860,5,20000,17,1490.6
r102,100,R1,QLEARNING,1380657860,5,25000,17,1489.48
r103,100,R1,QLEARNING,625883694,5,5000,13,1307.94
r103,100,R1,QLEARNING,625883694,5,10000,13,1307.94
r103,100,R1,QLEARNING,625883694,5,15000,13,1303.4
r103,100,R1,QLEARNING,625883694,5,20000,13,1303.4
r103,100,R1,QLEARNING,625883694,5,25000,13,1303.4
r102,100,R1,QLEARNING,1380665779,6,5000,17,1488.18
r102,100,R1,QLEARNING,1380665779,6,10000,17,1486.64
r102,100,R1,QLEARNING,1380665779,6,15000,17,1486.64
r102,100,R1,QLEARNING,1380665779,6,20000,17,1486.64
r102,100,R1,QLEARNING,1380665779,6,25000,17,1486.64
r103,100,R1,QLEARNING,625891613,6,5000,13,1310.94
r103,100,R1,QLEARNING,625891613,6,10000,13,1307.52
r103,100,R1,QLEARNING,625891613,6,15000,13,1302.55
r103,100,R1,QLEARNING,625891613,6,20000,13,1302.55
r103,100,R1,QLEARNING,625891613,6,25000,13,1302.55
r103,100,R1,QLEARNING,625852018,1,5000,13,1318.26
r103,100,R1,QLEARNING,625852018,1,10000,13,1304.06
r103,100,R1,QLEARNING,625852018,1,15000,13,1304.06
r103,100,R1,QLEARNING,625852018,1,20000,13,1304.06
r103,100,R1,QLEARNING,625852018,1,25000,13,1300.82
r103,100,R1,CLASSIC,625899532,7,5000,14,1240.53
r103,100,R1,CLASSIC,625899532,7,10000,14,1229.83
r103,100,R1,CLASSIC,625899532,7,15000,14,1229.83
r103,100,R1,CLASSIC,625899532,7,20000,13,1319.85
r103,100,R1,CLASSIC,625899532,7,25000,13,1319.85
r102,100,R1,QLEARNING,1380642022,3,5000,17,1501.1
r102,100,R1,QLEARNING,1380642022,3,10000,17,1488.61
r102,100,R1,QLEARNING,1380642022,3,15000,17,1488.61
r102,100,R1,QLEARNING,1380642022,3,20000,17,1488.61
r102,100,R1,QLEARNING,1380642022,3,25000,17,1487.48
r103,100,R1,CLASSIC,625923289,10,5000,13,1322.18
r103,100,R1,CLASSIC,625923289,10,10000,13,1320.44
r103,100,R1,CLASSIC,625923289,10,15000,13,1320.44
r103,100,R1,CLASSIC,625923289,10,20000,13,1317.86
r103,100,R1,CLASSIC,625923289,10,25000,13,1311.38
r103,100,R1,CLASSIC,625852018,1,5000,14,1256.66
r103,100,R1,CLASSIC,625852018,1,10000,13,1325.06
r103,100,R1,CLASSIC,625852018,1,15000,13,1310.41
r103,100,R1,CLASSIC,625852018,1,20000,13,1308.16
r103,100,R1,CLASSIC,625852018,1,25000,13,1308.16
r103,100,R1,CLASSIC,625875775,4,5000,13,1308.73
r103,100,R1,CLASSIC,625875775,4,10000,13,1306.6
r103,100,R1,CLASSIC,625875775,4,15000,13,1306.6
r103,100,R1,CLASSIC,625875775,4,20000,13,1306.6
r103,100,R1,CLASSIC,625875775,4,25000,13,1306.6
r102,100,R1,QLEARNING,1380689536,9,5000,17,1493.71
r102,100,R1,QLEARNING,1380689536,9,10000,17,1491.16
r102,100,R1,QLEARNING,1380689536,9,15000,17,1491.16
r102,100,R1,QLEARNING,1380689536,9,20000,17,1487.97
r102,100,R1,QLEARNING,1380689536,9,25000,17,1487.97
r103,100,R1,CLASSIC,625891613,6,5000,13,1316.11
r103,100,R1,CLASSIC,625891613,6,10000,13,1312.14
r103,100,R1,CLASSIC,625891613,6,15000,13,1312.14
r103,100,R1,CLASSIC,625891613,6,20000,13,1310.51
r103,100,R1,CLASSIC,625891613,6,25000,13,1310.51
r103,100,R1,QLEARNING,625867856,3,5000,14,1227.72
r103,100,R1,QLEARNING,625867856,3,10000,14,1224.63
r103,100,R1,QLEARNING,625867856,3,15000,14,1218.29
r103,100,R1,QLEARNING,625867856,3,20000,13,1310.39
r103,100,R1,QLEARNING,625867856,3,25000,13,1302.38
r103,100,R1,QLEARNING,625915370,9,5000,14,1227.52
r103,100,R1,QLEARNING,625915370,9,10000,14,1216.55
r103,100,R1,QLEARNING,625915370,9,15000,13,1320.45
r103,100,R1,QLEARNING,625915370,9,20000,13,1309.14
r103,100,R1,QLEARNING,625915370,9,25000,13,1305.68
r103,100,R1,CLASSIC,625883694,5,5000,14,1236.63
r103,100,R1,CLASSIC,625883694,5,10000,14,1236.47
r103,100,R1,CLASSIC,625883694,5,15000,14,1231.12
r103,100,R1,CLASSIC,625883694,5,20000,14,1227.66
r103,100,R1,CLASSIC,625883694,5,25000,14,1226.78
r103,100,R1,CLASSIC,625907451,8,5000,14,1236.28
r103,100,R1,CLASSIC,625907451,8,10000,13,1316.97
r103,100,R1,CLASSIC,625907451,8,15000,13,1316.97
r103,100,R1,CLASSIC,625907451,8,20000,13,1308.89
r103,100,R1,CLASSIC,625907451,8,25000,13,1308.89
r104,100,R1,QLEARNING,992627218,1,5000,10,1020.01
r104,100,R1,QLEARNING,992627218,1,10000,10,1013.98
r104,100,R1,QLEARNING,992627218,1,15000,10,994.782
r104,100,R1,QLEARNING,992627218,1,20000,10,994.429
r104,100,R1,QLEARNING,992627218,1,25000,10,994.429
r103,100,R1,CLASSIC,625867856,3,5000,14,1243.8
r103,100,R1,CLASSIC,625867856,3,10000,13,1323.87
r103,100,R1,CLASSIC,625867856,3,15000,13,1311.72
r103,100,R1,CLASSIC,625867856,3,20000,13,1307.74
r103,100,R1,CLASSIC,625867856,3,25000,13,1307.74
r103,100,R1,QLEARNING,625907451,8,5000,13,1310.41
r103,100,R1,QLEARNING,625907451,8,10000,13,1309.98
r103,100,R1,QLEARNING,625907451,8,15000,13,1305.28
r103,100,R1,QLEARNING,625907451,8,20000,13,1305.28
r103,100,R1,QLEARNING,625907451,8,25000,13,1305.28
r103,100,R1,QLEARNING,625859937,2,5000,13,1322.83
r103,100,R1,QLEARNING,625859937,2,10000,13,1308.1
r103,100,R1,QLEARNING,625859937,2,15000,13,1308.1
r103,100,R1,QLEARNING,625859937,2,20000,13,1308.1
r103,100,R1,QLEARNING,625859937,2,25000,13,1304.9
r103,100,R1,CLASSIC,625859937,2,5000,14,1237.68
r103,100,R1,CLASSIC,625859937,2,10000,13,1395.65
r103,100,R1,CLASSIC,625859937,2,15000,13,1306.61
r103,100,R1,CLASSIC,625859937,2,20000,13,1304.69
r103,100,R1,CLASSIC,625859937,2,25000,13,1303.98
r104,100,R1,CLASSIC,992643056,3,5000,10,1014.17
r104,100,R1,CLASSIC,992643056,3,10000,10,1014.17
r104,100,R1,CLASSIC,992643056,3,15000,10,1014.17
r104,100,R1,CLASSIC,992643056,3,20000,10,1007.04
r104,100,R1,CLASSIC,992643056,3,25000,10,992.685
r103,100,R1,QLEARNING,625899532,7,5000,14,1223.71
r103,100,R1,QLEARNING,625899532,7,10000,13,1321.01
r103,100,R1,QLEARNING,625899532,7,15000,13,1307.14
r103,100,R1,QLEARNING,625899532,7,20000,13,1295.68
r103,100,R1,QLEARNING,625899532,7,25000,13,1295.21
r103,100,R1,QLEARNING,625923289,10,5000,13,1302.26
r103,100,R1,QLEARNING,625923289,10,10000,13,1302.18
r103,100,R1,QLEARNING,625923289,10,15000,13,1302.07
r103,100,R1,QLEARNING,625923289,10,20000,13,1300.78
r103,100,R1,QLEARNING,625923289,10,25000,13,1298.51
r105,100,R1,CLASSIC,1278171010,3,5000,14,1403.86
r105,100,R1,CLASSIC,1278171010,3,10000,14,1392.73
r105,100,R1,CLASSIC,1278171010,3,15000,14,1392.73
r105,100,R1,CLASSIC,1278171010,3,20000,14,1392.73
r105,100,R1,CLASSIC,1278171010,3,25000,14,1392.73
r105,100,R1,CLASSIC,1278163091,2,5000,14,1424.51
r105,100,R1,CLASSIC,1278163091,2,10000,14,1377.63
r105,100,R1,CLASSIC,1278163091,2,15000,14,1377.63
r105,100,R1,CLASSIC,1278163091,2,20000,14,1377.63
r105,100,R1,CLASSIC,1278163091,2,25000,14,1377.63
r104,100,R1,CLASSIC,992682651,8,5000,10,1016.76
r104,100,R1,CLASSIC,992682651,8,10000,10,1016.76
r104,100,R1,CLASSIC,992682651,8,15000,10,1016.76
r104,100,R1,CLASSIC,992682651,8,20000,10,1016.76
r104,100,R1,CLASSIC,992682651,8,25000,10,1009.23
r105,100,R1,CLASSIC,1278155172,1,5000,14,1401.23
r105,100,R1,CLASSIC,1278155172,1,10000,14,1387.24
r105,100,R1,CLASSIC,1278155172,1,15000,14,1386.54
r105,100,R1,CLASSIC,1278155172,1,20000,14,1383.84
r105,100,R1,CLASSIC,1278155172,1,25000,14,1383.14
r104,100,R1,CLASSIC,992627218,1,5000,10,1011.56
r104,100,R1,CLASSIC,992627218,1,10000,10,1011.56
r104,100,R1,CLASSIC,992627218,1,15000,10,1010.79
r104,100,R1,CLASSIC,992627218,1,20000,10,1010.79
r104,100,R1,CLASSIC,992627218,1,25000,10,1010.79
r104,100,R1,CLASSIC,992666813,6,5000,10,1035.0
r104,100,R1,CLASSIC,992666813,6,10000,10,1012.69
r104,100,R1,CLASSIC,992666813,6,15000,10,1012.69
r104,100,R1,CLASSIC,992666813,6,20000,10,1012.69
r104,100,R1,CLASSIC,992666813,6,25000,10,1011.79
r104,100,R1,CLASSIC,992698489,10,5000,10,1021.05
r104,100,R1,CLASSIC,992698489,10,10000,10,1021.05
r104,100,R1,CLASSIC,992698489,10,15000,10,1016.8
r104,100,R1,CLASSIC,992698489,10,20000,10,1016.8
r104,100,R1,CLASSIC,992698489,10,25000,10,1012.04
r105,100,R1,CLASSIC,1278186848,5,5000,14,1382.28
r105,100,R1,CLASSIC,1278186848,5,10000,14,1377.63
r105,100,R1,CLASSIC,1278186848,5,15000,14,1377.63
r105,100,R1,CLASSIC,1278186848,5,20000,14,1377.63
r105,100,R1,CLASSIC,1278186848,5,25000,14,1377.63
r105,100,R1,CLASSIC,1278178929,4,5000,14,1426.81
r105,100,R1,CLASSIC,1278178929,4,10000,14,1426.81
r105,100,R1,CLASSIC,1278178929,4,15000,14,1410.99
r105,100,R1,CLASSIC,1278178929,4,20000,14,1389.68
r105,100,R1,CLASSIC,1278178929,4,25000,14,1387.47
r104,100,R1,QLEARNING,992690570,9,5000,10,1019.65
r104,100,R1,QLEARNING,992690570,9,10000,10,1008.21
r104,100,R1,QLEARNING,992690570,9,15000,10,1000.91
r104,100,R1,QLEARNING,992690570,9,20000,10,1000.91
r104,100,R1,QLEARNING,992690570,9,25000,10,996.76
r104,100,R1,CLASSIC,992658894,5,5000,10,1027.41
r104,100,R1,CLASSIC,992658894,5,10000,10,1021.62
r104,100,R1,CLASSIC,992658894,5,15000,10,992.125
r104,100,R1,CLASSIC,992658894,5,20000,10,992.125
r104,100,R1,CLASSIC,992658894,5,25000,10,992.125
r105,100,R1,CLASSIC,1278218524,9,5000,14,1389.18
r105,100,R1,CLASSIC,1278218524,9,10000,14,1386.1
r105,100,R1,CLASSIC,1278218524,9,15000,14,1381.45
r105,100,R1,CLASSIC,1278218524,9,20000,14,1379.61
r105,100,R1,CLASSIC,1278218524,9,25000,14,1377.33
r104,100,R1,QLEARNING,992674732,7,5000,10,993.767
r104,100,R1,QLEARNING,992674732,7,10000,10,993.016
r104,100,R1,QLEARNING,992674732,7,15000,10,988.292
r104,100,R1,QLEARNING,992674732,7,20000,10,988.035
r104,100,R1,QLEARNING,992674732,7,25000,10,985.357
r105,100,R1,CLASSIC,1278194767,6,5000,14,1443.4
r105,100,R1,CLASSIC,1278194767,6,10000,14,1409.16
r105,100,R1,CLASSIC,1278194767,6,15000,14,1409.16
r105,100,R1,CLASSIC,1278194767,6,20000,14,1401.35
r105,100,R1,CLASSIC,1278194767,6,25000,14,1389.8
r104,100,R1,QLEARNING,992698489,10,5000,10,1005.38
r104,100,R1,QLEARNING,992698489,10,10000,10,999.572
r104,100,R1,QLEARNING,992698489,10,15000,10,995.871
r104,100,R1,QLEARNING,992698489,10,20000,10,993.765
r104,100,R1,QLEARNING,992698489,10,25000,10,990.971
r104,100,R1,QLEARNING,992666813,6,5000,10,1008.16
r104,100,R1,QLEARNING,992666813,6,10000,10,1007.61
r104,100,R1,QLEARNING,992666813,6,15000,10,1002.7
r104,100,R1,QLEARNING,992666813,6,20000,10,1002.7
r104,100,R1,QLEARNING,992666813,6,25000,10,1002.63
r105,100,R1,CLASSIC,1278210605,8,5000,14,1428.61
r105,100,R1,CLASSIC,1278210605,8,10000,14,1402.17
r105,100,R1,CLASSIC,1278210605,8,15000,14,1401.15
r105,100,R1,CLASSIC,1278210605,8,20000,14,1399.88
r105,100,R1,CLASSIC,1278210605,8,25000,14,1399.88
r104,100,R1,QLEARNING,992635137,2,5000,10,1007.57
r104,100,R1,QLEARNING,992635137,2,10000,10,1000.87
r104,100,R1,QLEARNING,992635137,2,15000,10,1000.87
r104,100,R1,QLEARNING,992635137,2,20000,10,994.354
r104,100,R1,QLEARNING,992635137,2,25000,10,992.41
r105,100,R1,CLASSIC,1278202686,7,5000,14,1426.33
r105,100,R1,CLASSIC,1278202686,7,10000,14,1391.96
r105,100,R1,CLASSIC,1278202686,7,15000,14,1388.17
r105,100,R1,CLASSIC,1278202686,7,20000,14,1388.17
r105,100,R1,CLASSIC,1278202686,7,25000,14,1388.17
r104,100,R1,CLASSIC,992674732,7,5000,10,1015.38
r104,100,R1,CLASSIC,992674732,7,10000,10,1005.24
r104,100,R1,CLASSIC,992674732,7,15000,10,999.948
r104,100,R1,CLASSIC,992674732,7,20000,10,999.531
r104,100,R1,CLASSIC,992674732,7,25000,10,999.531
r104,100,R1,QLEARNING,992650975,4,5000,10,1011.33
r104,100,R1,QLEARNING,992650975,4,10000,10,1003.77
r104,100,R1,QLEARNING,992650975,4,15000,10,998.832
r104,100,R1,QLEARNING,992650975,4,20000,10,998.832
r104,100,R1,QLEARNING,992650975,4,25000,10,995.977
r105,100,R1,QLEARNING,1278218524,9,5000,14,1389.89
r105,100,R1,QLEARNING,1278218524,9,10000,14,1380.58
r105,100,R1,QLEARNING,1278218524,9,15000,14,1380.58
r105,100,R1,QLEARNING,1278218524,9,20000,14,1379.87
r105,100,R1,QLEARNING,1278218524,9,25000,14,1377.63
r105,100,R1,CLASSIC,1278226443,10,5000,14,1393.29
r105,100,R1,CLASSIC,1278226443,10,10000,14,1388.53
r105,100,R1,CLASSIC,1278226443,10,15000,14,1388.53
r105,100,R1,CLASSIC,1278226443,10,20000,14,1388.53
r105,100,R1,CLASSIC,1278226443,10,25000,14,1388.53
r105,100,R1,QLEARNING,1278155172,1,5000,14,1381.23
r105,100,R1,QLEARNING,1278155172,1,10000,14,1377.63
r105,100,R1,QLEARNING,1278155172,1,15000,14,1377.63
r105,100,R1,QLEARNING,1278155172,1,20000,14,1377.33
r105,100,R1,QLEARNING,1278155172,1,25000,14,1377.33
r104,100,R1,QLEARNING,992658894,5,5000,10,1009.3
r104,100,R1,QLEARNING,992658894,5,10000,10,987.713
r104,100,R1,QLEARNING,992658894,5,15000,10,987.713
r104,100,R1,QLEARNING,992658894,5,20000,10,987.713
r104,100,R1,QLEARNING,992658894,5,25000,10,987.713
r105,100,R1,QLEARNING,1278171010,3,5000,14,1392.57
r105,100,R1,QLEARNING,1278171010,3,10000,14,1391.88
r105,100,R1,QLEARNING,1278171010,3,15000,14,1391.88
r105,100,R1,QLEARNING,1278171010,3,20000,14,1379.39
r105,100,R1,QLEARNING,1278171010,3,25000,14,1377.33
r105,100,R1,QLEARNING,1278163091,2,5000,14,1394.32
r105,100,R1,QLEARNING,1278163091,2,10000,14,1377.63
r105,100,R1,QLEARNING,1278163091,2,15000,14,1377.63
r105,100,R1,QLEARNING,1278163091,2,20000,14,1377.63
r105,100,R1,QLEARNING,1278163091,2,25000,14,1377.63
r104,100,R1,QLEARNING,992682651,8,5000,10,1017.59
r104,100,R1,QLEARNING,992682651,8,10000,10,1010.8
r104,100,R1,QLEARNING,992682651,8,15000,10,1008.02
r104,100,R1,QLEARNING,992682651,8,20000,10,999.492
r104,100,R1,QLEARNING,992682651,8,25000,10,999.492
r104,100,R1,QLEARNING,992643056,3,5000,10,1021.68
r104,100,R1,QLEARNING,992643056,3,10000,10,1012.25
r104,100,R1,QLEARNING,992643056,3,15000,10,994.192
r104,100,R1,QLEARNING,992643056,3,20000,10,990.289
r104,100,R1,QLEARNING,992643056,3,25000,10,989.358
r105,100,R1,QLEARNING,1278210605,8,5000,14,1401.42
r105,100,R1,QLEARNING,1278210605,8,10000,14,1383.66
r105,100,R1,QLEARNING,1278210605,8,15000,14,1383.66
r105,100,R1,QLEARNING,1278210605,8,20000,14,1383.66
r105,100,R1,QLEARNING,1278210605,8,25000,14,1377.63
r105,100,R1,QLEARNING,1278226443,10,5000,14,1408.3
r105,100,R1,QLEARNING,1278226443,10,10000,14,1378.57
r105,100,R1,QLEARNING,1278226443,10,15000,14,1377.33
r105,100,R1,QLEARNING,1278226443,10,20000,14,1377.33
r105,100,R1,QLEARNING,1278226443,10,25000,14,1377.33
r105,100,R1,QLEARNING,1278202686,7,5000,14,1409.77
r105,100,R1,QLEARNING,1278202686,7,10000,14,1381.89
r105,100,R1,QLEARNING,1278202686,7,15000,14,1381.59
r105,100,R1,QLEARNING,1278202686,7,20000,14,1381.59
r105,100,R1,QLEARNING,1278202686,7,25000,14,1381.59
r104,100,R1,CLASSIC,992635137,2,5000,10,1029.22
r104,100,R1,CLASSIC,992635137,2,10000,10,1029.18
r104,100,R1,CLASSIC,992635137,2,15000,10,1021.99
r104,100,R1,CLASSIC,992635137,2,20000,10,1021.99
r104,100,R1,CLASSIC,992635137,2,25000,10,1021.99
r104,100,R1,CLASSIC,992650975,4,5000,10,1006.22
r104,100,R1,CLASSIC,992650975,4,10000,10,1006.22
r104,100,R1,CLASSIC,992650975,4,15000,10,1006.22
r104,100,R1,CLASSIC,992650975,4,20000,10,1005.4
r104,100,R1,CLASSIC,992650975,4,25000,10,1005.4
r105,100,R1,QLEARNING,1278186848,5,5000,14,1389.4
r105,100,R1,QLEARNING,1278186848,5,10000,14,1386.37
r105,100,R1,QLEARNING,1278186848,5,15000,14,1377.63
r105,100,R1,QLEARNING,1278186848,5,20000,14,1377.63
r105,100,R1,QLEARNING,1278186848,5,25000,14,1377.63
r105,100,R1,QLEARNING,1278194767,6,5000,14,1398.57
r105,100,R1,QLEARNING,1278194767,6,10000,14,1377.33
r105,100,R1,QLEARNING,1278194767,6,15000,14,1377.33
r105,100,R1,QLEARNING,1278194767,6,20000,14,1377.33
r105,100,R1,QLEARNING,1278194767,6,25000,14,1377.33
r105,100,R1,QLEARNING,1278178929,4,5000,14,1385.86
r105,100,R1,QLEARNING,1278178929,4,10000,14,1385.86
r105,100,R1,QLEARNING,1278178929,4,15000,14,1384.66
r105,100,R1,QLEARNING,1278178929,4,20000,14,1384.66
r105,100,R1,QLEARNING,1278178929,4,25000,14,1377.63
r104,100,R1,CLASSIC,992690570,9,5000,10,1011.33
r104,100,R1,CLASSIC,992690570,9,10000,10,1011.33
r104,100,R1,CLASSIC,992690570,9,15000,10,1005.71
r104,100,R1,CLASSIC,992690570,9,20000,10,1004.99
r104,100,R1,CLASSIC,992690570,9,25000,10,1002.26
r106,100,R1,CLASSIC,1428750678,10,5000,12,1310.22
r106,100,R1,CLASSIC,1428750678,10,10000,12,1290.89
r106,100,R1,CLASSIC,1428750678,10,15000,12,1266.8
r106,100,R1,CLASSIC,1428750678,10,20000,12,1258.8
r106,100,R1,CLASSIC,1428750678,10,25000,12,1258.65
r106,100,R1,CLASSIC,1428687326,2,5000,12,1272.7
r106,100,R1,CLASSIC,1428687326,2,10000,12,1264.11
r106,100,R1,CLASSIC,1428687326,2,15000,12,1264.11
r106,100,R1,CLASSIC,1428687326,2,20000,12,1262.78
r106,100,R1,CLASSIC,1428687326,2,25000,12,1262.78
r106,100,R1,CLASSIC,1428703164,4,5000,12,1278.64
r106,100,R1,CLASSIC,1428703164,4,10000,12,1267.07
r106,100,R1,CLASSIC,1428703164,4,15000,12,1261.78
r106,100,R1,CLASSIC,1428703164,4,20000,12,1261.78
r106,100,R1,CLASSIC,1428703164,4,25000,12,1261.78
r106,100,R1,CLASSIC,1428726921,7,5000,12,1275.53
r106,100,R1,CLASSIC,1428726921,7,10000,12,1271.93
r106,100,R1,CLASSIC,1428726921,7,15000,12,1264.86
r106,100,R1,CLASSIC,1428726921,7,20000,12,1263.65
r106,100,R1,CLASSIC,1428726921,7,25000,12,1262.53
r106,100,R1,QLEARNING,1428726921,7,5000,12,1266.35
r106,100,R1,QLEARNING,1428726921,7,10000,12,1262.54
r106,100,R1,QLEARNING,1428726921,7,15000,12,1261.65
r106,100,R1,QLEARNING,1428726921,7,20000,12,1261.52
r106,100,R1,QLEARNING,1428726921,7,25000,12,1260.69
r106,100,R1,CLASSIC,1428695245,3,5000,12,1293.27
r106,100,R1,CLASSIC,1428695245,3,10000,12,1267.66
r106,100,R1,CLASSIC,1428695245,3,15000,12,1265.94
r106,100,R1,CLASSIC,1428695245,3,20000,12,1261.07
r106,100,R1,CLASSIC,1428695245,3,25000,12,1261.07
r106,100,R1,QLEARNING,1428703164,4,5000,12,1262.85
r106,100,R1,QLEARNING,1428703164,4,10000,12,1259.73
r106,100,R1,QLEARNING,1428703164,4,15000,12,1255.75
r106,100,R1,QLEARNING,1428703164,4,20000,12,1255.75
r106,100,R1,QLEARNING,1428703164,4,25000,12,1255.75
r106,100,R1,CLASSIC,1428719002,6,5000,12,1267.4
r106,100,R1,CLASSIC,1428719002,6,10000,12,1260.36
r106,100,R1,CLASSIC,1428719002,6,15000,12,1259.77
r106,100,R1,CLASSIC,1428719002,6,20000,12,1257.29
r106,100,R1,CLASSIC,1428719002,6,25000,12,1257.29
r106,100,R1,CLASSIC,1428679407,1,5000,12,1281.57
r106,100,R1,CLASSIC,1428679407,1,10000,12,1266.48
r106,100,R1,CLASSIC,1428679407,1,15000,12,1264.67
r106,100,R1,CLASSIC,1428679407,1,20000,12,1261.98
r106,100,R1,CLASSIC,1428679407,1,25000,12,1253.5
r106,100,R1,CLASSIC,1428734840,8,5000,12,1265.44
r106,100,R1,CLASSIC,1428734840,8,10000,12,1265.44
r106,100,R1,CLASSIC,1428734840,8,15000,12,1265.44
r106,100,R1,CLASSIC,1428734840,8,20000,12,1263.23
r106,100,R1,CLASSIC,1428734840,8,25000,12,1262.12
r106,100,R1,CLASSIC,1428711083,5,5000,12,1272.4
r106,100,R1,CLASSIC,1428711083,5,10000,12,1268.4
r106,100,R1,CLASSIC,1428711083,5,15000,12,1268.25
r106,100,R1,CLASSIC,1428711083,5,20000,12,1268.25
r106,100,R1,CLASSIC,1428711083,5,25000,12,1268.25
r106,100,R1,QLEARNING,1428687326,2,5000,12,1275.74
r106,100,R1,QLEARNING,1428687326,2,10000,12,1266.95
r106,100,R1,QLEARNING,1428687326,2,15000,12,1256.95
r106,100,R1,QLEARNING,1428687326,2,20000,12,1255.85
r106,100,R1,QLEARNING,1428687326,2,25000,12,1255.85
r106,100,R1,QLEARNING,1428679407,1,5000,12,1285.06
r106,100,R1,QLEARNING,1428679407,1,10000,12,1263.61
r106,100,R1,QLEARNING,1428679407,1,15000,12,1259.71
r106,100,R1,QLEARNING,1428679407,1,20000,12,1259.71
r106,100,R1,QLEARNING,1428679407,1,25000,12,1259.71
r106,100,R1,QLEARNING,1428695245,3,5000,12,1264.89
r106,100,R1,QLEARNING,1428695245,3,10000,12,1257.96
r106,100,R1,QLEARNING,1428695245,3,15000,12,1257.96
r106,100,R1,QLEARNING,1428695245,3,20000,12,1257.96
r106,100,R1,QLEARNING,1428695245,3,25000,12,1257.96
r106,100,R1,QLEARNING,1428719002,6,5000,12,1271.58
r106,100,R1,QLEARNING,1428719002,6,10000,12,1267.03
r106,100,R1,QLEARNING,1428719002,6,15000,12,1265.6
r106,100,R1,QLEARNING,1428719002,6,20000,12,1264.3
r106,100,R1,QLEARNING,1428719002,6,25000,12,1264.3
r106,100,R1,CLASSIC,1428742759,9,5000,12,1278.08
r106,100,R1,CLASSIC,1428742759,9,10000,12,1262.49
r106,100,R1,CLASSIC,1428742759,9,15000,12,1262.49
r106,100,R1,CLASSIC,1428742759,9,20000,12,1262.49
r106,100,R1,CLASSIC,1428742759,9,25000,12,1262.49
r106,100,R1,QLEARNING,1428711083,5,5000,12,1273.11
r106,100,R1,QLEARNING,1428711083,5,10000,12,1261.47
r106,100,R1,QLEARNING,1428711083,5,15000,12,1259.12
r106,100,R1,QLEARNING,1428711083,5,20000,12,1259.12
r106,100,R1,QLEARNING,1428711083,5,25000,12,1257.96
r106,100,R1,QLEARNING,1428734840,8,5000,12,1278.2
r106,100,R1,QLEARNING,1428734840,8,10000,12,1269.97
r106,100,R1,QLEARNING,1428734840,8,15000,12,1267.72
r106,100,R1,QLEARNING,1428734840,8,20000,12,1264.76
r106,100,R1,QLEARNING,1428734840,8,25000,12,1260.81
r106,100,R1,QLEARNING,1428742759,9,5000,12,1284.94
r106,100,R1,QLEARNING,1428742759,9,10000,12,1284.56
r106,100,R1,QLEARNING,1428742759,9,15000,12,1261.27
r106,100,R1,QLEARNING,1428742759,9,20000,12,1260.94
r106,100,R1,QLEARNING,1428742759,9,25000,12,1260.11
r106,100,R1,QLEARNING,1428750678,10,5000,12,1265.41
r106,100,R1,QLEARNING,1428750678,10,10000,12,1261.98
r106,100,R1,QLEARNING,1428750678,10,15000,12,1261.98
r106,100,R1,QLEARNING,1428750678,10,20000,12,1261.98
r106,100,R1,QLEARNING,1428750678,10,25000,12,1260.69
r107,100,R1,QLEARNING,572618293,5,5000,11,1093.82
r107,100,R1,QLEARNING,572618293,5,10000,11,1082.88
r107,100,R1,QLEARNING,572618293,5,15000,11,1080.59
r107,100,R1,QLEARNING,572618293,5,20000,11,1080.59
r107,100,R1,QLEARNING,572618293,5,25000,11,1080.59
r107,100,R1,CLASSIC,572586617,1,5000,11,1108.67
r107,100,R1,CLASSIC,572586617,1,10000,11,1105.61
r107,100,R1,CLASSIC,572586617,1,15000,11,1096.28
r107,100,R1,CLASSIC,572586617,1,20000,11,1088.81
r107,100,R1,CLASSIC,572586617,1,25000,11,1088.81
r107,100,R1,CLASSIC,572594536,2,5000,11,1099.87
r107,100,R1,CLASSIC,572594536,2,10000,11,1099.87
r107,100,R1,CLASSIC,572594536,2,15000,11,1094.03
r107,100,R1,CLASSIC,572594536,2,20000,11,1093.06
r107,100,R1,CLASSIC,572594536,2,25000,11,1092.86
r107,100,R1,CLASSIC,572610374,4,5000,11,1114.87
r107,100,R1,CLASSIC,572610374,4,10000,11,1114.87
r107,100,R1,CLASSIC,572610374,4,15000,11,1108.9
r107,100,R1,CLASSIC,572610374,4,20000,11,1108.46
r107,100,R1,CLASSIC,572610374,4,25000,11,1105.58
r108,100,R1,QLEARNING,849355992,2,5000,10,996.935
r108,100,R1,QLEARNING,849355992,2,10000,10,983.074
r108,100,R1,QLEARNING,849355992,2,15000,10,975.054
r108,100,R1,QLEARNING,849355992,2,20000,10,971.135
r108,100,R1,QLEARNING,849355992,2,25000,10,965.892
r107,100,R1,CLASSIC,572602455,3,5000,11,1105.02
r107,100,R1,CLASSIC,572602455,3,10000,11,1079.24
r107,100,R1,CLASSIC,572602455,3,15000,11,1078.53
r107,100,R1,CLASSIC,572602455,3,20000,11,1078.53
r107,100,R1,CLASSIC,572602455,3,25000,11,1078.53
r107,100,R1,CLASSIC,572618293,5,5000,11,1099.94
r107,100,R1,CLASSIC,572618293,5,10000,10,1121.54
r107,100,R1,CLASSIC,572618293,5,15000,10,1121.54
r107,100,R1,CLASSIC,572618293,5,20000,10,1121.54
r107,100,R1,CLASSIC,572618293,5,25000,10,1118.98
r107,100,R1,QLEARNING,572594536,2,5000,11,1100.32
r107,100,R1,QLEARNING,572594536,2,10000,11,1100.32
r107,100,R1,QLEARNING,572594536,2,15000,11,1097.22
r107,100,R1,QLEARNING,572594536,2,20000,11,1091.1
r107,100,R1,QLEARNING,572594536,2,25000,11,1091.1
r107,100,R1,QLEARNING,572586617,1,5000,10,1135.95
r107,100,R1,QLEARNING,572586617,1,10000,10,1128.43
r107,100,R1,QLEARNING,572586617,1,15000,10,1128.43
r107,100,R1,QLEARNING,572586617,1,20000,10,1123.33
r107,100,R1,QLEARNING,572586617,1,25000,10,1123.33
r107,100,R1,CLASSIC,572626212,6,5000,11,1099.51
r107,100,R1,CLASSIC,572626212,6,10000,11,1099.51
r107,100,R1,CLASSIC,572626212,6,15000,11,1099.51
r107,100,R1,CLASSIC,572626212,6,20000,11,1099.51
r107,100,R1,CLASSIC,572626212,6,25000,11,1094.92
r107,100,R1,QLEARNING,572657888,10,5000,10,1123.36
r107,100,R1,QLEARNING,572657888,10,10000,10,1123.36
r107,100,R1,QLEARNING,572657888,10,15000,10,1122.91
r107,100,R1,QLEARNING,572657888,10,20000,10,1122.91
r107,100,R1,QLEARNING,572657888,10,25000,10,1122.41
r107,100,R1,QLEARNING,572634131,7,5000,11,1089.54
r107,100,R1,QLEARNING,572634131,7,10000,10,1139.51
r107,100,R1,QLEARNING,572634131,7,15000,10,1124.4
r107,100,R1,QLEARNING,572634131,7,20000,10,1124.32
r107,100,R1,QLEARNING,572634131,7,25000,10,1118.94
r109,100,R1,CLASSIC,1167644031,1,5000,12,1189.94
r109,100,R1,CLASSIC,1167644031,1,10000,12,1185.19
r109,100,R1,CLASSIC,1167644031,1,15000,12,1159.16
r109,100,R1,CLASSIC,1167644031,1,20000,12,1159.16
r109,100,R1,CLASSIC,1167644031,1,25000,12,1159.16
r108,100,R1,CLASSIC,849348073,1,5000,10,992.372
r108,100,R1,CLASSIC,849348073,1,10000,10,988.697
r108,100,R1,CLASSIC,849348073,1,15000,10,987.228
r108,100,R1,CLASSIC,849348073,1,20000,10,986.11
r108,100,R1,CLASSIC,849348073,1,25000,10,986.11
r107,100,R1,QLEARNING,572642050,8,5000,11,1094.31
r107,100,R1,QLEARNING,572642050,8,10000,11,1092.36
r107,100,R1,QLEARNING,572642050,8,15000,11,1092.36
r107,100,R1,QLEARNING,572642050,8,20000,11,1092.36
r107,100,R1,QLEARNING,572642050,8,25000,11,1092.36
r108,100,R1,QLEARNING,849379749,5,5000,10,986.054
r108,100,R1,QLEARNING,849379749,5,10000,10,972.255
r108,100,R1,QLEARNING,849379749,5,15000,10,968.512
r108,100,R1,QLEARNING,849379749,5,20000,10,967.541
r108,100,R1,QLEARNING,849379749,5,25000,10,967.488
r107,100,R1,QLEARNING,572649969,9,5000,11,1092.62
r107,100,R1,QLEARNING,572649969,9,10000,11,1092.62
r107,100,R1,QLEARNING,572649969,9,15000,11,1092.48
r107,100,R1,QLEARNING,572649969,9,20000,10,1133.01
r107,100,R1,QLEARNING,572649969,9,25000,10,1133.01
r107,100,R1,CLASSIC,572642050,8,5000,11,1101.44
r107,100,R1,CLASSIC,572642050,8,10000,10,1141.15
r107,100,R1,CLASSIC,572642050,8,15000,10,1130.91
r107,100,R1,CLASSIC,572642050,8,20000,10,1130.91
r107,100,R1,CLASSIC,572642050,8,25000,10,1130.42
r107,100,R1,QLEARNING,572602455,3,5000,10,1161.16
r107,100,R1,QLEARNING,572602455,3,10000,10,1150.79
r107,100,R1,QLEARNING,572602455,3,15000,10,1139.53
r107,100,R1,QLEARNING,572602455,3,20000,10,1139.53
r107,100,R1,QLEARNING,572602455,3,25000,10,1139.53
r107,100,R1,QLEARNING,572610374,4,5000,11,1102.74
r107,100,R1,QLEARNING,572610374,4,10000,11,1093.82
r107,100,R1,QLEARNING,572610374,4,15000,10,1130.41
r107,100,R1,QLEARNING,572610374,4,20000,10,1127.55
r107,100,R1,QLEARNING,572610374,4,25000,10,1123.86
r107,100,R1,CLASSIC,572649969,9,5000,11,1094.63
r107,100,R1,CLASSIC,572649969,9,10000,10,1141.8
r107,100,R1,CLASSIC,572649969,9,15000,10,1126.43
r107,100,R1,CLASSIC,572649969,9,20000,10,1124.95
r107,100,R1,CLASSIC,572649969,9,25000,10,1124.95
r107,100,R1,QLEARNING,572626212,6,5000,11,1103.01
r107,100,R1,QLEARNING,572626212,6,10000,11,1096.55
r107,100,R1,QLEARNING,572626212,6,15000,11,1096.55
r107,100,R1,QLEARNING,572626212,6,20000,11,1095.75
r107,100,R1,QLEARNING,572626212,6,25000,11,1090.34
r107,100,R1,CLASSIC,572634131,7,5000,11,1103.36
r107,100,R1,CLASSIC,572634131,7,10000,11,1091.19
r107,100,R1,CLASSIC,572634131,7,15000,11,1091.19
r107,100,R1,CLASSIC,572634131,7,20000,11,1087.26
r107,100,R1,CLASSIC,572634131,7,25000,11,1086.4
r109,100,R1,CLASSIC,1167667788,4,5000,12,1195.25
r109,100,R1,CLASSIC,1167667788,4,10000,12,1185.81
r109,100,R1,CLASSIC,1167667788,4,15000,12,1177.38
r109,100,R1,CLASSIC,1167667788,4,20000,12,1177.38
r109,100,R1,CLASSIC,1167667788,4,25000,12,1177.38
r109,100,R1,CLASSIC,1167675707,5,5000,12,1204.28
r109,100,R1,CLASSIC,1167675707,5,10000,12,1178.23
r109,100,R1,CLASSIC,1167675707,5,15000,12,1176.51
r109,100,R1,CLASSIC,1167675707,5,20000,12,1176.51
r109,100,R1,CLASSIC,1167675707,5,25000,12,1171.55
r109,100,R1,CLASSIC,1167691545,7,5000,12,1175.01
r109,100,R1,CLASSIC,1167691545,7,10000,12,1175.01
r109,100,R1,CLASSIC,1167691545,7,15000,12,1175.01
r109,100,R1,CLASSIC,1167691545,7,20000,12,1169.09
r109,100,R1,CLASSIC,1167691545,7,25000,12,1169.09
r109,100,R1,CLASSIC,1167659869,3,5000,12,1191.36
r109,100,R1,CLASSIC,1167659869,3,10000,12,1190.8
r109,100,R1,CLASSIC,1167659869,3,15000,12,1163.36
r109,100,R1,CLASSIC,1167659869,3,20000,12,1163.36
r109,100,R1,CLASSIC,1167659869,3,25000,12,1163.36
r107,100,R1,CLASSIC,572657888,10,5000,11,1093.69
r107,100,R1,CLASSIC,572657888,10,10000,11,1092.6
r107,100,R1,CLASSIC,572657888,10,15000,11,1087.49
r107,100,R1,CLASSIC,572657888,10,20000,10,1132.19
r107,100,R1,CLASSIC,572657888,10,25000,10,1125.56
r108,100,R1,QLEARNING,849348073,1,5000,10,991.589
r108,100,R1,QLEARNING,849348073,1,10000,10,973.982
r108,100,R1,QLEARNING,849348073,1,15000,10,973.271
r108,100,R1,QLEARNING,849348073,1,20000,10,971.709
r108,100,R1,QLEARNING,849348073,1,25000,10,970.202
r108,100,R1,QLEARNING,849387668,6,5000,10,975.793
r108,100,R1,QLEARNING,849387668,6,10000,10,957.044
r108,100,R1,QLEARNING,849387668,6,15000,10,954.776
r108,100,R1,QLEARNING,849387668,6,20000,10,954.776
r108,100,R1,QLEARNING,849387668,6,25000,10,954.776
r108,100,R1,CLASSIC,849355992,2,5000,10,1000.11
r108,100,R1,CLASSIC,849355992,2,10000,9,973.829
r108,100,R1,CLASSIC,849355992,2,15000,9,973.829
r108,100,R1,CLASSIC,849355992,2,20000,9,967.444
r108,100,R1,CLASSIC,849355992,2,25000,9,967.444
r108,100,R1,QLEARNING,849403506,8,5000,10,978.299
r108,100,R1,QLEARNING,849403506,8,10000,10,955.039
r108,100,R1,QLEARNING,849403506,8,15000,10,955.039
r108,100,R1,QLEARNING,849403506,8,20000,10,955.039
r108,100,R1,QLEARNING,849403506,8,25000,10,953.108
r108,100,R1,QLEARNING,849395587,7,5000,10,979.427
r108,100,R1,QLEARNING,849395587,7,10000,10,978.663
r108,100,R1,QLEARNING,849395587,7,15000,10,970.867
r108,100,R1,QLEARNING,849395587,7,20000,10,970.867
r108,100,R1,QLEARNING,849395587,7,25000,10,965.775
r109,100,R1,CLASSIC,1167651950,2,5000,12,1204.1
r109,100,R1,CLASSIC,1167651950,2,10000,12,1186.14
r109,100,R1,CLASSIC,1167651950,2,15000,12,1183.07
r109,100,R1,CLASSIC,1167651950,2,20000,12,1183.07
r109,100,R1,CLASSIC,1167651950,2,25000,12,1177.77
r108,100,R1,QLEARNING,849371830,4,5000,10,983.013
r108,100,R1,QLEARNING,849371830,4,10000,10,978.576
r108,100,R1,QLEARNING,849371830,4,15000,10,968.756
r108,100,R1,QLEARNING,849371830,4,20000,9,983.213
r108,100,R1,QLEARNING,849371830,4,25000,9,974.472
r108,100,R1,CLASSIC,849363911,3,5000,10,990.013
r108,100,R1,CLASSIC,849363911,3,10000,10,983.088
r108,100,R1,CLASSIC,849363911,3,15000,10,978.61
r108,100,R1,CLASSIC,849363911,3,20000,10,978.61
r108,100,R1,CLASSIC,849363911,3,25000,10,978.61
r108,100,R1,QLEARNING,849363911,3,5000,10,988.871
r108,100,R1,QLEARNING,849363911,3,10000,10,958.212
r108,100,R1,QLEARNING,849363911,3,15000,10,958.212
r108,100,R1,QLEARNING,849363911,3,20000,9,986.063
r108,100,R1,QLEARNING,849363911,3,25000,9,971.303
r108,100,R1,CLASSIC,849387668,6,5000,10,1018.05
r108,100,R1,CLASSIC,849387668,6,10000,10,988.295
r108,100,R1,CLASSIC,849387668,6,15000,10,981.961
r108,100,R1,CLASSIC,849387668,6,20000,10,977.382
r108,100,R1,CLASSIC,849387668,6,25000,10,975.948
r108,100,R1,QLEARNING,849411425,9,5000,10,956.762
r108,100,R1,QLEARNING,849411425,9,10000,10,956.762
r108,100,R1,QLEARNING,849411425,9,15000,10,956.762
r108,100,R1,QLEARNING,849411425,9,20000,10,956.762
r108,100,R1,QLEARNING,849411425,9,25000,10,956.762
r108,100,R1,CLASSIC,849371830,4,5000,10,997.098
r108,100,R1,CLASSIC,849371830,4,10000,10,993.345
r108,100,R1,CLASSIC,849371830,4,15000,10,988.682
r108,100,R1,CLASSIC,849371830,4,20000,10,988.682
r108,100,R1,CLASSIC,849371830,4,25000,10,985.75
r108,100,R1,CLASSIC,849379749,5,5000,10,988.924
r108,100,R1,CLASSIC,849379749,5,10000,10,976.624
r108,100,R1,CLASSIC,849379749,5,15000,10,974.27
r108,100,R1,CLASSIC,849379749,5,20000,9,977.918
r108,100,R1,CLASSIC,849379749,5,25000,9,976.938
r108,100,R1,CLASSIC,849403506,8,5000,10,985.377
r108,100,R1,CLASSIC,849403506,8,10000,10,978.678
r108,100,R1,CLASSIC,849403506,8,15000,10,975.099
r108,100,R1,CLASSIC,849403506,8,20000,10,968.501
r108,100,R1,CLASSIC,849403506,8,25000,10,965.579
r109,100,R1,QLEARNING,1167651950,2,5000,12,1186.64
r109,100,R1,QLEARNING,1167651950,2,10000,12,1169.11
r109,100,R1,QLEARNING,1167651950,2,15000,12,1169.11
r109,100,R1,QLEARNING,1167651950,2,20000,12,1169.11
r109,100,R1,QLEARNING,1167651950,2,25000,12,1169.11
r108,100,R1,CLASSIC,849411425,9,5000,10,998.961
r108,100,R1,CLASSIC,849411425,9,10000,10,992.57
r108,100,R1,CLASSIC,849411425,9,15000,10,971.022
r108,100,R1,CLASSIC,849411425,9,20000,10,970.374
r108,100,R1,CLASSIC,849411425,9,25000,10,970.374
r109,100,R1,QLEARNING,1167707383,9,5000,12,1189.04
r109,100,R1,QLEARNING,1167707383,9,10000,12,1186.08
r109,100,R1,QLEARNING,1167707383,9,15000,12,1181.97
r109,100,R1,QLEARNING,1167707383,9,20000,12,1181.97
r109,100,R1,QLEARNING,1167707383,9,25000,12,1177.43
r108,100,R1,CLASSIC,849395587,7,5000,10,991.467
r108,100,R1,CLASSIC,849395587,7,10000,10,978.54
r108,100,R1,CLASSIC,849395587,7,15000,10,978.54
r108,100,R1,CLASSIC,849395587,7,20000,10,975.414
r108,100,R1,CLASSIC,849395587,7,25000,10,969.213
r108,100,R1,QLEARNING,849419344,10,5000,10,979.655
r108,100,R1,QLEARNING,849419344,10,10000,10,965.352
r108,100,R1,QLEARNING,849419344,10,15000,10,963.007
r108,100,R1,QLEARNING,849419344,10,20000,10,963.007
r108,100,R1,QLEARNING,849419344,10,25000,10,963.007
r109,100,R1,CLASSIC,1167683626,6,5000,12,1180.08
r109,100,R1,CLASSIC,1167683626,6,10000,12,1180.08
r109,100,R1,CLASSIC,1167683626,6,15000,12,1170.48
r109,100,R1,CLASSIC,1167683626,6,20000,12,1164.04
r109,100,R1,CLASSIC,1167683626,6,25000,12,1160.67
r109,100,R1,CLASSIC,1167707383,9,5000,12,1195.64
r109,100,R1,CLASSIC,1167707383,9,10000,12,1194.61
r109,100,R1,CLASSIC,1167707383,9,15000,12,1187.43
r109,100,R1,CLASSIC,1167707383,9,20000,12,1180.17
r109,100,R1,CLASSIC,1167707383,9,25000,12,1174.98
r109,100,R1,QLEARNING,1167644031,1,5000,12,1192.63
r109,100,R1,QLEARNING,1167644031,1,10000,12,1171.54
r109,100,R1,QLEARNING,1167644031,1,15000,12,1162.78
r109,100,R1,QLEARNING,1167644031,1,20000,12,1162.78
r109,100,R1,QLEARNING,1167644031,1,25000,12,1162.78
r109,100,R1,QLEARNING,1167683626,6,5000,12,1205.18
r109,100,R1,QLEARNING,1167683626,6,10000,12,1193.73
r109,100,R1,QLEARNING,1167683626,6,15000,12,1171.47
r109,100,R1,QLEARNING,1167683626,6,20000,12,1171.47
r109,100,R1,QLEARNING,1167683626,6,25000,12,1171.47
r109,100,R1,CLASSIC,1167699464,8,5000,12,1199.27
r109,100,R1,CLASSIC,1167699464,8,10000,12,1197.62
r109,100,R1,CLASSIC,1167699464,8,15000,12,1193.21
r109,100,R1,CLASSIC,1167699464,8,20000,12,1193.21
r109,100,R1,CLASSIC,1167699464,8,25000,12,1193.21
r109,100,R1,QLEARNING,1167691545,7,5000,12,1178.95
r109,100,R1,QLEARNING,1167691545,7,10000,12,1174.28
r109,100,R1,QLEARNING,1167691545,7,15000,12,1174.28
r109,100,R1,QLEARNING,1167691545,7,20000,12,1172.88
r109,100,R1,QLEARNING,1167691545,7,25000,12,1172.14
r109,100,R1,QLEARNING,1167675707,5,5000,12,1183.14
r109,100,R1,QLEARNING,1167675707,5,10000,12,1175.7
r109,100,R1,QLEARNING,1167675707,5,15000,12,1164.41
r109,100,R1,QLEARNING,1167675707,5,20000,12,1164.41
r109,100,R1,QLEARNING,1167675707,5,25000,12,1164.41
r108,100,R1,CLASSIC,849419344,10,5000,10,1007.39
r108,100,R1,CLASSIC,849419344,10,10000,10,996.175
r108,100,R1,CLASSIC,849419344,10,15000,10,969.363
r108,100,R1,CLASSIC,849419344,10,20000,10,968.391
r108,100,R1,CLASSIC,849419344,10,25000,10,968.391
r109,100,R1,QLEARNING,1167667788,4,5000,12,1175.5
r109,100,R1,QLEARNING,1167667788,4,10000,12,1173.5
r109,100,R1,QLEARNING,1167667788,4,15000,12,1173.5
r109,100,R1,QLEARNING,1167667788,4,20000,12,1173.45
r109,100,R1,QLEARNING,1167667788,4,25000,12,1173.45
r109,100,R1,QLEARNING,1167659869,3,5000,12,1179.43
r109,100,R1,QLEARNING,1167659869,3,10000,12,1161.74
r109,100,R1,QLEARNING,1167659869,3,15000,12,1161.74
r109,100,R1,QLEARNING,1167659869,3,20000,12,1161.74
r109,100,R1,QLEARNING,1167659869,3,25000,12,1161.74
r110,100,R1,CLASSIC,627046789,6,5000,11,1158.94
r110,100,R1,CLASSIC,627046789,6,10000,11,1151.94
r110,100,R1,CLASSIC,627046789,6,15000,11,1117.52
r110,100,R1,CLASSIC,627046789,6,20000,11,1111.53
r110,100,R1,CLASSIC,627046789,6,25000,11,1111.53
r110,100,R1,QLEARNING,627054708,7,5000,11,1172.14
r110,100,R1,QLEARNING,627054708,7,10000,11,1133.97
r110,100,R1,QLEARNING,627054708,7,15000,11,1123.37
r110,100,R1,QLEARNING,627054708,7,20000,11,1120.79
r110,100,R1,QLEARNING,627054708,7,25000,11,1120.79
r109,100,R1,CLASSIC,1167715302,10,5000,12,1205.72
r109,100,R1,CLASSIC,1167715302,10,10000,12,1185.72
r109,100,R1,CLASSIC,1167715302,10,15000,12,1177.07
r109,100,R1,CLASSIC,1167715302,10,20000,12,1176.15
r109,100,R1,CLASSIC,1167715302,10,25000,12,1176.15
r109,100,R1,QLEARNING,1167715302,10,5000,12,1168.73
r109,100,R1,QLEARNING,1167715302,10,10000,12,1168.73
r109,100,R1,QLEARNING,1167715302,10,15000,12,1165.57
r109,100,R1,QLEARNING,1167715302,10,20000,12,1165.57
r109,100,R1,QLEARNING,1167715302,10,25000,12,1165.57
r109,100,R1,QLEARNING,1167699464,8,5000,12,1173.56
r109,100,R1,QLEARNING,1167699464,8,10000,12,1173.36
r109,100,R1,QLEARNING,1167699464,8,15000,12,1171.64
r109,100,R1,QLEARNING,1167699464,8,20000,12,1171.64
r109,100,R1,QLEARNING,1167699464,8,25000,12,1168.14
r110,100,R1,CLASSIC,627038870,5,5000,11,1160.64
r110,100,R1,CLASSIC,627038870,5,10000,11,1133.38
r110,100,R1,CLASSIC,627038870,5,15000,11,1133.11
r110,100,R1,CLASSIC,627038870,5,20000,11,1129.15
r110,100,R1,CLASSIC,627038870,5,25000,11,1124.05
r110,100,R1,CLASSIC,627007194,1,5000,11,1144.52
r110,100,R1,CLASSIC,627007194,1,10000,11,1131.21
r110,100,R1,CLASSIC,627007194,1,15000,11,1126.62
r110,100,R1,CLASSIC,627007194,1,20000,11,1124.1
r110,100,R1,CLASSIC,627007194,1,25000,11,1124.1
r110,100,R1,CLASSIC,627015113,2,5000,11,1136.27
r110,100,R1,CLASSIC,627015113,2,10000,11,1136.27
r110,100,R1,CLASSIC,627015113,2,15000,11,1136.12
r110,100,R1,CLASSIC,627015113,2,20000,11,1135.96
r110,100,R1,CLASSIC,627015113,2,25000,11,1116.61
r110,100,R1,QLEARNING,627038870,5,5000,11,1125.74
r110,100,R1,QLEARNING,627038870,5,10000,11,1120.87
r110,100,R1,QLEARNING,627038870,5,15000,11,1118.19
r110,100,R1,QLEARNING,627038870,5,20000,11,1118.19
r110,100,R1,QLEARNING,627038870,5,25000,11,1118.19
r110,100,R1,QLEARNING,627046789,6,5000,11,1136.19
r110,100,R1,QLEARNING,627046789,6,10000,11,1128.6
r110,100,R1,QLEARNING,627046789,6,15000,11,1128.6
r110,100,R1,QLEARNING,627046789,6,20000,11,1126.05
r110,100,R1,QLEARNING,627046789,6,25000,11,1115.97
r110,100,R1,CLASSIC,627030951,4,5000,11,1156.83
r110,100,R1,CLASSIC,627030951,4,10000,11,1130.42
r110,100,R1,CLASSIC,627030951,4,15000,11,1130.42
r110,100,R1,CLASSIC,627030951,4,20000,11,1130.42
r110,100,R1,CLASSIC,627030951,4,25000,11,1122.33
r110,100,R1,CLASSIC,627062627,8,5000,11,1165.61
r110,100,R1,CLASSIC,627062627,8,10000,11,1125.18
r110,100,R1,CLASSIC,627062627,8,15000,11,1124.51
r110,100,R1,CLASSIC,627062627,8,20000,11,1124.51
r110,100,R1,CLASSIC,627062627,8,25000,11,1124.51
r111,100,R1,QLEARNING,1381535308,1,5000,11,1068.69
r111,100,R1,QLEARNING,1381535308,1,10000,11,1068.22
r111,100,R1,QLEARNING,1381535308,1,15000,11,1068.22
r111,100,R1,QLEARNING,1381535308,1,20000,11,1068.22
r111,100,R1,QLEARNING,1381535308,1,25000,11,1068.22
r111,100,R1,QLEARNING,1381582822,7,5000,11,1079.29
r111,100,R1,QLEARNING,1381582822,7,10000,11,1062.34
r111,100,R1,QLEARNING,1381582822,7,15000,11,1060.53
r111,100,R1,QLEARNING,1381582822,7,20000,11,1060.53
r111,100,R1,QLEARNING,1381582822,7,25000,10,1109.57
r110,100,R1,QLEARNING,627023032,3,5000,11,1151.81
r110,100,R1,QLEARNING,627023032,3,10000,11,1149.73
r110,100,R1,QLEARNING,627023032,3,15000,11,1139.77
r110,100,R1,QLEARNING,627023032,3,20000,11,1134.72
r110,100,R1,QLEARNING,627023032,3,25000,11,1125.33
r111,100,R1,CLASSIC,1381551146,3,5000,11,1080.68
r111,100,R1,CLASSIC,1381551146,3,10000,11,1080.68
r111,100,R1,CLASSIC,1381551146,3,15000,11,1080.68
r111,100,R1,CLASSIC,1381551146,3,20000,11,1080.68
r111,100,R1,CLASSIC,1381551146,3,25000,11,1074.33
r111,100,R1,CLASSIC,1381566984,5,5000,11,1083.67
r111,100,R1,CLASSIC,1381566984,5,10000,11,1083.67
r111,100,R1,CLASSIC,1381566984,5,15000,11,1083.67
r111,100,R1,CLASSIC,1381566984,5,20000,11,1080.45
r111,100,R1,CLASSIC,1381566984,5,25000,11,1076.41
r110,100,R1,QLEARNING,627030951,4,5000,11,1175.41
r110,100,R1,QLEARNING,627030951,4,10000,11,1138.7
r110,100,R1,QLEARNING,627030951,4,15000,11,1113.08
r110,100,R1,QLEARNING,627030951,4,20000,11,1096.04
r110,100,R1,QLEARNING,627030951,4,25000,11,1094.87
r111,100,R1,QLEARNING,1381551146,3,5000,11,1081.19
r111,100,R1,QLEARNING,1381551146,3,10000,11,1069.21
r111,100,R1,QLEARNING,1381551146,3,15000,11,1065.74
r111,100,R1,QLEARNING,1381551146,3,20000,11,1065.74
r111,100,R1,QLEARNING,1381551146,3,25000,11,1065.74
r110,100,R1,QLEARNING,627015113,2,5000,11,1150.94
r110,100,R1,QLEARNING,627015113,2,10000,11,1139.83
r110,100,R1,QLEARNING,627015113,2,15000,11,1132.43
r110,100,R1,QLEARNING,627015113,2,20000,11,1104.97
r110,100,R1,QLEARNING,627015113,2,25000,11,1104.97
r111,100,R1,CLASSIC,1381543227,2,5000,11,1102.12
r111,100,R1,CLASSIC,1381543227,2,10000,11,1087.08
r111,100,R1,CLASSIC,1381543227,2,15000,11,1080.53
r111,100,R1,CLASSIC,1381543227,2,20000,11,1080.53
r111,100,R1,CLASSIC,1381543227,2,25000,11,1078.89
r110,100,R1,QLEARNING,627070546,9,5000,11,1131.33
r110,100,R1,QLEARNING,627070546,9,10000,11,1131.33
r110,100,R1,QLEARNING,627070546,9,15000,11,1130.83
r110,100,R1,QLEARNING,627070546,9,20000,11,1120.32
r110,100,R1,QLEARNING,627070546,9,25000,11,1115.7
r110,100,R1,QLEARNING,627062627,8,5000,11,1126.82
r110,100,R1,QLEARNING,627062627,8,10000,11,1125.09
r110,100,R1,QLEARNING,627062627,8,15000,11,1125.09
r110,100,R1,QLEARNING,627062627,8,20000,11,1125.09
r110,100,R1,QLEARNING,627062627,8,25000,11,1100.31
r111,100,R1,CLASSIC,1381559065,4,5000,11,1082.67
r111,100,R1,CLASSIC,1381559065,4,10000,11,1056.55
r111,100,R1,CLASSIC,1381559065,4,15000,11,1056.55
r111,100,R1,CLASSIC,1381559065,4,20000,11,1056.55
r111,100,R1,CLASSIC,1381559065,4,25000,11,1054.59
r110,100,R1,CLASSIC,627054708,7,5000,11,1148.81
r110,100,R1,CLASSIC,627054708,7,10000,11,1142.89
r110,100,R1,CLASSIC,627054708,7,15000,11,1109.06
r110,100,R1,CLASSIC,627054708,7,20000,11,1105.98
r110,100,R1,CLASSIC,627054708,7,25000,11,1105.98
r110,100,R1,QLEARNING,627078465,10,5000,11,1117.06
r110,100,R1,QLEARNING,627078465,10,10000,11,1107.86
r110,100,R1,QLEARNING,627078465,10,15000,11,1107.86
r110,100,R1,QLEARNING,627078465,10,20000,11,1100.34
r110,100,R1,QLEARNING,627078465,10,25000,11,1100.34
r112,100,R1,CLASSIC,1263648199,1,5000,10,1011.19
r112,100,R1,CLASSIC,1263648199,1,10000,10,1001.72
r112,100,R1,CLASSIC,1263648199,1,15000,10,984.074
r112,100,R1,CLASSIC,1263648199,1,20000,10,979.245
r112,100,R1,CLASSIC,1263648199,1,25000,10,979.245
r111,100,R1,CLASSIC,1381598660,9,5000,11,1080.05
r111,100,R1,CLASSIC,1381598660,9,10000,11,1071.86
r111,100,R1,CLASSIC,1381598660,9,15000,11,1070.47
r111,100,R1,CLASSIC,1381598660,9,20000,10,1111.79
r111,100,R1,CLASSIC,1381598660,9,25000,10,1097.64
r110,100,R1,QLEARNING,627007194,1,5000,11,1148.43
r110,100,R1,QLEARNING,627007194,1,10000,11,1093.61
r110,100,R1,QLEARNING,627007194,1,15000,11,1093.61
r110,100,R1,QLEARNING,627007194,1,20000,11,1087.76
r110,100,R1,QLEARNING,627007194,1,25000,11,1087.76
r110,100,R1,CLASSIC,627023032,3,5000,11,1139.54
r110,100,R1,CLASSIC,627023032,3,10000,11,1115.75
r110,100,R1,CLASSIC,627023032,3,15000,11,1109.47
r110,100,R1,CLASSIC,627023032,3,20000,11,1106.34
r110,100,R1,CLASSIC,627023032,3,25000,11,1106.34
r111,100,R1,QLEARNING,1381606579,10,5000,11,1087.02
r111,100,R1,QLEARNING,1381606579,10,10000,11,1081.4
r111,100,R1,QLEARNING,1381606579,10,15000,11,1065.51
r111,100,R1,QLEARNING,1381606579,10,20000,11,1064.6
r111,100,R1,QLEARNING,1381606579,10,25000,11,1064.6
r111,100,R1,CLASSIC,1381582822,7,5000,11,1091.17
r111,100,R1,CLASSIC,1381582822,7,10000,11,1060.58
r111,100,R1,CLASSIC,1381582822,7,15000,11,1060.58
r111,100,R1,CLASSIC,1381582822,7,20000,11,1060.58
r111,100,R1,CLASSIC,1381582822,7,25000,11,1060.58
r111,100,R1,CLASSIC,1381535308,1,5000,11,1088.18
r111,100,R1,CLASSIC,1381535308,1,10000,11,1067.5
r111,100,R1,CLASSIC,1381535308,1,15000,11,1067.5
r111,100,R1,CLASSIC,1381535308,1,20000,10,1124.66
r111,100,R1,CLASSIC,1381535308,1,25000,10,1099.15
r111,100,R1,QLEARNING,1381559065,4,5000,11,1081.49
r111,100,R1,QLEARNING,1381559065,4,10000,11,1075.12
r111,100,R1,QLEARNING,1381559065,4,15000,11,1075.12
r111,100,R1,QLEARNING,1381559065,4,20000,11,1075.12
r111,100,R1,QLEARNING,1381559065,4,25000,11,1073.16
r111,100,R1,CLASSIC,1381574903,6,5000,11,1090.63
r111,100,R1,CLASSIC,1381574903,6,10000,11,1062.76
r111,100,R1,CLASSIC,1381574903,6,15000,11,1062.15
r111,100,R1,CLASSIC,1381574903,6,20000,11,1060.19
r111,100,R1,CLASSIC,1381574903,6,25000,11,1060.19
r112,100,R1,CLASSIC,1263671956,4,5000,10,996.025
r112,100,R1,CLASSIC,1263671956,4,10000,10,990.012
r112,100,R1,CLASSIC,1263671956,4,15000,10,990.012
r112,100,R1,CLASSIC,1263671956,4,20000,10,990.012
r112,100,R1,CLASSIC,1263671956,4,25000,10,975.495
r111,100,R1,CLASSIC,1381590741,8,5000,11,1081.99
r111,100,R1,CLASSIC,1381590741,8,10000,11,1072.48
r111,100,R1,CLASSIC,1381590741,8,15000,11,1067.49
r111,100,R1,CLASSIC,1381590741,8,20000,11,1066.98
r111,100,R1,CLASSIC,1381590741,8,25000,11,1066.98
r111,100,R1,QLEARNING,1381598660,9,5000,11,1084.67
r111,100,R1,QLEARNING,1381598660,9,10000,11,1071.53
r111,100,R1,QLEARNING,1381598660,9,15000,10,1104.43
r111,100,R1,QLEARNING,1381598660,9,20000,10,1098.39
r111,100,R1,QLEARNING,1381598660,9,25000,10,1098.39
r111,100,R1,QLEARNING,1381566984,5,5000,11,1085.68
r111,100,R1,QLEARNING,1381566984,5,10000,11,1068.64
r111,100,R1,QLEARNING,1381566984,5,15000,11,1064.64
r111,100,R1,QLEARNING,1381566984,5,20000,11,1064.64
r111,100,R1,QLEARNING,1381566984,5,25000,11,1060.69
r111,100,R1,QLEARNING,1381574903,6,5000,11,1099.53
r111,100,R1,QLEARNING,1381574903,6,10000,11,1071.98
r111,100,R1,QLEARNING,1381574903,6,15000,11,1071.98
r111,100,R1,QLEARNING,1381574903,6,20000,11,1071.98
r111,100,R1,QLEARNING,1381574903,6,25000,11,1071.98
r111,100,R1,QLEARNING,1381543227,2,5000,11,1074.58
r111,100,R1,QLEARNING,1381543227,2,10000,11,1072.19
r111,100,R1,QLEARNING,1381543227,2,15000,11,1072.19
r111,100,R1,QLEARNING,1381543227,2,20000,11,1072.19
r111,100,R1,QLEARNING,1381543227,2,25000,11,1071.96
r112,100,R1,QLEARNING,1263695713,7,5000,10,990.351
r112,100,R1,QLEARNING,1263695713,7,10000,10,990.351
r112,100,R1,QLEARNING,1263695713,7,15000,10,983.894
r112,100,R1,QLEARNING,1263695713,7,20000,10,981.279
r112,100,R1,QLEARNING,1263695713,7,25000,10,979.037
r111,100,R1,CLASSIC,1381606579,10,5000,11,1106.82
r111,100,R1,CLASSIC,1381606579,10,10000,11,1078.61
r111,100,R1,CLASSIC,1381606579,10,15000,11,1078.61
r111,100,R1,CLASSIC,1381606579,10,20000,11,1077.74
r111,100,R1,CLASSIC,1381606579,10,25000,11,1076.96
r112,100,R1,CLASSIC,1263703632,8,5000,10,996.171
r112,100,R1,CLASSIC,1263703632,8,10000,10,986.163
r112,100,R1,CLASSIC,1263703632,8,15000,10,983.899
r112,100,R1,CLASSIC,1263703632,8,20000,10,983.899
r112,100,R1,CLASSIC,1263703632,8,25000,10,983.899
r112,100,R1,QLEARNING,1263664037,3,5000,10,996.042
r112,100,R1,QLEARNING,1263664037,3,10000,10,992.513
r112,100,R1,QLEARNING,1263664037,3,15000,10,983.851
r112,100,R1,QLEARNING,1263664037,3,20000,10,976.175
r112,100,R1,QLEARNING,1263664037,3,25000,10,975.033
r112,100,R1,QLEARNING,1263656118,2,5000,10,998.408
r112,100,R1,QLEARNING,1263656118,2,10000,10,987.713
r112,100,R1,QLEARNING,1263656118,2,15000,10,980.802
r112,100,R1,QLEARNING,1263656118,2,20000,10,980.802
r112,100,R1,QLEARNING,1263656118,2,25000,10,980.802
r111,100,R1,QLEARNING,1381590741,8,5000,11,1082.59
r111,100,R1,QLEARNING,1381590741,8,10000,11,1070.07
r111,100,R1,QLEARNING,1381590741,8,15000,11,1069.52
r111,100,R1,QLEARNING,1381590741,8,20000,11,1069.03
r111,100,R1,QLEARNING,1381590741,8,25000,11,1069.03
r110,100,R1,CLASSIC,627070546,9,5000,11,1103.73
r110,100,R1,CLASSIC,627070546,9,10000,11,1101.67
r110,100,R1,CLASSIC,627070546,9,15000,11,1101.67
r110,100,R1,CLASSIC,627070546,9,20000,11,1093.64
r110,100,R1,CLASSIC,627070546,9,25000,11,1093.64
r112,100,R1,CLASSIC,1263679875,5,5000,10,1001.38
r112,100,R1,CLASSIC,1263679875,5,10000,10,987.922
r112,100,R1,CLASSIC,1263679875,5,15000,10,986.491
r112,100,R1,CLASSIC,1263679875,5,20000,10,986.491
r112,100,R1,CLASSIC,1263679875,5,25000,10,983.996
r112,100,R1,CLASSIC,1263656118,2,5000,10,989.294
r112,100,R1,CLASSIC,1263656118,2,10000,10,982.747
r112,100,R1,CLASSIC,1263656118,2,15000,10,982.747
r112,100,R1,CLASSIC,1263656118,2,20000,10,982.747
r112,100,R1,CLASSIC,1263656118,2,25000,10,982.747
r110,100,R1,CLASSIC,627078465,10,5000,11,1165.66
r110,100,R1,CLASSIC,627078465,10,10000,11,1157.18
r110,100,R1,CLASSIC,627078465,10,15000,11,1131.42
r110,100,R1,CLASSIC,627078465,10,20000,11,1112.33
r110,100,R1,CLASSIC,627078465,10,25000,11,1112.33
r112,100,R1,CLASSIC,1263687794,6,5000,10,1013.75
r112,100,R1,CLASSIC,1263687794,6,10000,10,995.651
r112,100,R1,CLASSIC,1263687794,6,15000,10,993.055
r112,100,R1,CLASSIC,1263687794,6,20000,10,990.171
r112,100,R1,CLASSIC,1263687794,6,25000,10,976.316
r112,100,R1,QLEARNING,1263671956,4,5000,10,986.515
r112,100,R1,QLEARNING,1263671956,4,10000,10,984.738
r112,100,R1,QLEARNING,1263671956,4,15000,10,984.738
r112,100,R1,QLEARNING,1263671956,4,20000,10,984.738
r112,100,R1,QLEARNING,1263671956,4,25000,10,973.168
r112,100,R1,CLASSIC,1263695713,7,5000,10,1012.66
r112,100,R1,CLASSIC,1263695713,7,10000,10,990.289
r112,100,R1,CLASSIC,1263695713,7,15000,10,987.988
r112,100,R1,CLASSIC,1263695713,7,20000,10,982.624
r112,100,R1,CLASSIC,1263695713,7,25000,10,981.725
r112,100,R1,QLEARNING,1263687794,6,5000,10,974.183
r112,100,R1,QLEARNING,1263687794,6,10000,10,972.038
r112,100,R1,QLEARNING,1263687794,6,15000,10,970.594
r112,100,R1,QLEARNING,1263687794,6,20000,10,970.594
r112,100,R1,QLEARNING,1263687794,6,25000,10,970.594
r201,100,R2,CLASSIC,1225137747,2,5000,4,1276.33
r201,100,R2,CLASSIC,1225137747,2,10000,4,1276.33
r201,100,R2,CLASSIC,1225137747,2,15000,4,1266.08
r201,100,R2,CLASSIC,1225137747,2,20000,4,1265.55
r201,100,R2,CLASSIC,1225137747,2,25000,4,1260.57
r112,100,R1,CLASSIC,1263711551,9,5000,10,1001.03
r112,100,R1,CLASSIC,1263711551,9,10000,10,990.471
r112,100,R1,CLASSIC,1263711551,9,15000,10,978.103
r112,100,R1,CLASSIC,1263711551,9,20000,10,976.704
r112,100,R1,CLASSIC,1263711551,9,25000,10,975.29
r112,100,R1,CLASSIC,1263664037,3,5000,10,992.718
r112,100,R1,CLASSIC,1263664037,3,10000,10,988.774
r112,100,R1,CLASSIC,1263664037,3,15000,10,988.345
r112,100,R1,CLASSIC,1263664037,3,20000,10,987.879
r112,100,R1,CLASSIC,1263664037,3,25000,10,987.879
r112,100,R1,QLEARNING,1263648199,1,5000,10,977.918
r112,100,R1,QLEARNING,1263648199,1,10000,10,974.494
r112,100,R1,QLEARNING,1263648199,1,15000,10,974.494
r112,100,R1,QLEARNING,1263648199,1,20000,10,969.234
r112,100,R1,QLEARNING,1263648199,1,25000,10,969.234
r201,100,R2,CLASSIC,1225201099,10,5000,4,1289.49
r201,100,R2,CLASSIC,1225201099,10,10000,4,1288.18
r201,100,R2,CLASSIC,1225201099,10,15000,4,1265.47
r201,100,R2,CLASSIC,1225201099,10,20000,4,1258.3
r201,100,R2,CLASSIC,1225201099,10,25000,4,1258.3
r201,100,R2,QLEARNING,1225161504,5,5000,4,1278.02
r201,100,R2,QLEARNING,1225161504,5,10000,4,1278.02
r201,100,R2,QLEARNING,1225161504,5,15000,4,1278.02
r201,100,R2,QLEARNING,1225161504,5,20000,4,1278.02
r201,100,R2,QLEARNING,1225161504,5,25000,4,1266.92
r112,100,R1,QLEARNING,1263703632,8,5000,10,993.506
r112,100,R1,QLEARNING,1263703632,8,10000,10,991.722
r112,100,R1,QLEARNING,1263703632,8,15000,10,983.802
r112,100,R1,QLEARNING,1263703632,8,20000,10,981.455
r112,100,R1,QLEARNING,1263703632,8,25000,10,981.455
r112,100,R1,QLEARNING,1263719470,10,5000,10,987.389
r112,100,R1,QLEARNING,1263719470,10,10000,10,981.76
r112,100,R1,QLEARNING,1263719470,10,15000,10,980.814
r112,100,R1,QLEARNING,1263719470,10,20000,10,980.814
r112,100,R1,QLEARNING,1263719470,10,25000,10,980.814
r112,100,R1,QLEARNING,1263711551,9,5000,10,1012.93
r112,100,R1,QLEARNING,1263711551,9,10000,10,975.536
r112,100,R1,QLEARNING,1263711551,9,15000,10,975.342
r112,100,R1,QLEARNING,1263711551,9,20000,10,961.44
r112,100,R1,QLEARNING,1263711551,9,25000,10,961.372
r201,100,R2,CLASSIC,1225145666,3,5000,4,1275.61
r201,100,R2,CLASSIC,1225145666,3,10000,4,1253.23
r201,100,R2,CLASSIC,1225145666,3,15000,4,1253.23
r201,100,R2,CLASSIC,1225145666,3,20000,4,1253.23
r201,100,R2,CLASSIC,1225145666,3,25000,4,1253.23
r201,100,R2,QLEARNING,1225129828,1,5000,4,1289.42
r201,100,R2,QLEARNING,1225129828,1,10000,4,1264.5
r201,100,R2,QLEARNING,1225129828,1,15000,4,1264.43
r201,100,R2,QLEARNING,1225129828,1,20000,4,1264.43
r201,100,R2,QLEARNING,1225129828,1,25000,4,1264.08
r112,100,R1,QLEARNING,1263679875,5,5000,10,978.345
r112,100,R1,QLEARNING,1263679875,5,10000,10,978.345
r112,100,R1,QLEARNING,1263679875,5,15000,10,978.345
r112,100,R1,QLEARNING,1263679875,5,20000,10,978.345
r112,100,R1,QLEARNING,1263679875,5,25000,10,978.345
r112,100,R1,CLASSIC,1263719470,10,5000,10,1018.79
r112,100,R1,CLASSIC,1263719470,10,10000,10,986.452
r112,100,R1,CLASSIC,1263719470,10,15000,10,981.544
r112,100,R1,CLASSIC,1263719470,10,20000,10,981.429
r112,100,R1,CLASSIC,1263719470,10,25000,10,979.667
r201,100,R2,CLASSIC,1225185261,8,5000,4,1296.43
r201,100,R2,CLASSIC,1225185261,8,10000,4,1254.69
r201,100,R2,CLASSIC,1225185261,8,15000,4,1254.69
r201,100,R2,CLASSIC,1225185261,8,20000,4,1254.69
r201,100,R2,CLASSIC,1225185261,8,25000,4,1254.69
r201,100,R2,CLASSIC,1225169423,6,5000,4,1286.32
r201,100,R2,CLASSIC,1225169423,6,10000,4,1278.0
r201,100,R2,CLASSIC,1225169423,6,15000,4,1278.0
r201,100,R2,CLASSIC,1225169423,6,20000,4,1278.0
r201,100,R2,CLASSIC,1225169423,6,25000,4,1278.0
r201,100,R2,QLEARNING,1225145666,3,5000,4,1278.49
r201,100,R2,QLEARNING,1225145666,3,10000,4,1278.49
r201,100,R2,QLEARNING,1225145666,3,15000,4,1277.38
r201,100,R2,QLEARNING,1225145666,3,20000,4,1277.38
r201,100,R2,QLEARNING,1225145666,3,25000,4,1271.17
r201,100,R2,CLASSIC,1225177342,7,5000,4,1298.35
r201,100,R2,CLASSIC,1225177342,7,10000,4,1288.03
r201,100,R2,CLASSIC,1225177342,7,15000,4,1278.47
r201,100,R2,CLASSIC,1225177342,7,20000,4,1274.63
r201,100,R2,CLASSIC,1225177342,7,25000,4,1267.22
r201,100,R2,CLASSIC,1225129828,1,5000,4,1304.63
r201,100,R2,CLASSIC,1225129828,1,10000,4,1270.49
r201,100,R2,CLASSIC,1225129828,1,15000,4,1270.49
r201,100,R2,CLASSIC,1225129828,1,20000,4,1266.18
r201,100,R2,CLASSIC,1225129828,1,25000,4,1265.79
r201,100,R2,CLASSIC,1225161504,5,5000,4,1285.27
r201,100,R2,CLASSIC,1225161504,5,10000,4,1281.93
r201,100,R2,CLASSIC,1225161504,5,15000,4,1280.51
r201,100,R2,CLASSIC,1225161504,5,20000,4,1280.51
r201,100,R2,CLASSIC,1225161504,5,25000,4,1278.02
r201,100,R2,QLEARNING,1225137747,2,5000,4,1273.22
r201,100,R2,QLEARNING,1225137747,2,10000,4,1265.71
r201,100,R2,QLEARNING,1225137747,2,15000,4,1265.71
r201,100,R2,QLEARNING,1225137747,2,20000,4,1265.71
r201,100,R2,QLEARNING,1225137747,2,25000,4,1261.65
r201,100,R2,CLASSIC,1225193180,9,5000,4,1294.19
r201,100,R2,CLASSIC,1225193180,9,10000,4,1287.39
r201,100,R2,CLASSIC,1225193180,9,15000,4,1274.17
r201,100,R2,CLASSIC,1225193180,9,20000,4,1261.24
r201,100,R2,CLASSIC,1225193180,9,25000,4,1257.62
r201,100,R2,CLASSIC,1225153585,4,5000,4,1298.58
r201,100,R2,CLASSIC,1225153585,4,10000,4,1277.22
r201,100,R2,CLASSIC,1225153585,4,15000,4,1274.83
r201,100,R2,CLASSIC,1225153585,4,20000,4,1265.49
r201,100,R2,CLASSIC,1225153585,4,25000,4,1265.49
r201,100,R2,QLEARNING,1225153585,4,5000,4,1256.05
r201,100,R2,QLEARNING,1225153585,4,10000,4,1256.05
r201,100,R2,QLEARNING,1225153585,4,15000,4,1256.05
r201,100,R2,QLEARNING,1225153585,4,20000,4,1254.54
r201,100,R2,QLEARNING,1225153585,4,25000,4,1254.54
r201,100,R2,QLEARNING,1225185261,8,5000,4,1285.37
r201,100,R2,QLEARNING,1225185261,8,10000,4,1258.34
r201,100,R2,QLEARNING,1225185261,8,15000,4,1257.81
r201,100,R2,QLEARNING,1225185261,8,20000,4,1256.64
r201,100,R2,QLEARNING,1225185261,8,25000,4,1256.11
r201,100,R2,QLEARNING,1225201099,10,5000,4,1271.99
r201,100,R2,QLEARNING,1225201099,10,10000,4,1269.14
r201,100,R2,QLEARNING,1225201099,10,15000,4,1269.14
r201,100,R2,QLEARNING,1225201099,10,20000,4,1269.14
r201,100,R2,QLEARNING,1225201099,10,25000,4,1260.47
r201,100,R2,QLEARNING,1225177342,7,5000,4,1289.67
r201,100,R2,QLEARNING,1225177342,7,10000,4,1280.55
r201,100,R2,QLEARNING,1225177342,7,15000,4,1268.64
r201,100,R2,QLEARNING,1225177342,7,20000,4,1265.78
r201,100,R2,QLEARNING,1225177342,7,25000,4,1263.33
r201,100,R2,QLEARNING,1225169423,6,5000,4,1288.81
r201,100,R2,QLEARNING,1225169423,6,10000,4,1276.41
r201,100,R2,QLEARNING,1225169423,6,15000,4,1275.88
r201,100,R2,QLEARNING,1225169423,6,20000,4,1273.22
r201,100,R2,QLEARNING,1225169423,6,25000,4,1265.49
r201,100,R2,QLEARNING,1225193180,9,5000,4,1261.75
r201,100,R2,QLEARNING,1225193180,9,10000,4,1254.69
r201,100,R2,QLEARNING,1225193180,9,15000,4,1254.69
r201,100,R2,QLEARNING,1225193180,9,20000,4,1254.69
r201,100,R2,QLEARNING,1225193180,9,25000,4,1254.69
r202,100,R2,QLEARNING,1343081306,6,5000,4,1112.84
r202,100,R2,QLEARNING,1343081306,6,10000,4,1089.71
r202,100,R2,QLEARNING,1343081306,6,15000,4,1089.71
r202,100,R2,QLEARNING,1343081306,6,20000,4,1088.02
r202,100,R2,QLEARNING,1343081306,6,25000,4,1084.09
r202,100,R2,CLASSIC,1343097144,8,5000,4,1116.92
r202,100,R2,CLASSIC,1343097144,8,10000,4,1112.46
r202,100,R2,CLASSIC,1343097144,8,15000,4,1112.46
r202,100,R2,CLASSIC,1343097144,8,20000,4,1112.09
r202,100,R2,CLASSIC,1343097144,8,25000,4,1106.14
r202,100,R2,CLASSIC,1343105063,9,5000,4,1101.12
r202,100,R2,CLASSIC,1343105063,9,10000,4,1082.46
r202,100,R2,CLASSIC,1343105063,9,15000,4,1082.46
r202,100,R2,CLASSIC,1343105063,9,20000,4,1082.46
r202,100,R2,CLASSIC,1343105063,9,25000,4,1082.46
r202,100,R2,CLASSIC,1343112982,10,5000,4,1122.14
r202,100,R2,CLASSIC,1343112982,10,10000,4,1098.91
r202,100,R2,CLASSIC,1343112982,10,15000,4,1098.91
r202,100,R2,CLASSIC,1343112982,10,20000,4,1096.5
r202,100,R2,CLASSIC,1343112982,10,25000,4,1096.5
r202,100,R2,QLEARNING,1343041711,1,5000,4,1098.55
r202,100,R2,QLEARNING,1343041711,1,10000,4,1095.78
r202,100,R2,QLEARNING,1343041711,1,15000,4,1092.96
r202,100,R2,QLEARNING,1343041711,1,20000,4,1092.96
r202,100,R2,QLEARNING,1343041711,1,25000,4,1092.09
r202,100,R2,QLEARNING,1343112982,10,5000,4,1109.09
r202,100,R2,QLEARNING,1343112982,10,10000,4,1087.99
r202,100,R2,QLEARNING,1343112982,10,15000,4,1086.74
r202,100,R2,QLEARNING,1343112982,10,20000,4,1086.74
r202,100,R2,QLEARNING,1343112982,10,25000,4,1086.57
r202,100,R2,QLEARNING,1343065468,4,5000,4,1089.13
r202,100,R2,QLEARNING,1343065468,4,10000,4,1089.13
r202,100,R2,QLEARNING,1343065468,4,15000,4,1086.97
r202,100,R2,QLEARNING,1343065468,4,20000,4,1086.97
r202,100,R2,QLEARNING,1343065468,4,25000,4,1086.97
r202,100,R2,QLEARNING,1343089225,7,5000,4,1111.23
r202,100,R2,QLEARNING,1343089225,7,10000,4,1087.65
r202,100,R2,QLEARNING,1343089225,7,15000,4,1087.65
r202,100,R2,QLEARNING,1343089225,7,20000,4,1087.65
r202,100,R2,QLEARNING,1343089225,7,25000,4,1087.65
r202,100,R2,QLEARNING,1343057549,3,5000,4,1096.2
r202,100,R2,QLEARNING,1343057549,3,10000,4,1092.37
r202,100,R2,QLEARNING,1343057549,3,15000,4,1087.82
r202,100,R2,QLEARNING,1343057549,3,20000,4,1087.82
r202,100,R2,QLEARNING,1343057549,3,25000,4,1087.55
r202,100,R2,QLEARNING,1343049630,2,5000,4,1112.42
r202,100,R2,QLEARNING,1343049630,2,10000,4,1092.61
r202,100,R2,QLEARNING,1343049630,2,15000,4,1090.13
r202,100,R2,QLEARNING,1343049630,2,20000,4,1090.13
r202,100,R2,QLEARNING,1343049630,2,25000,4,1090.13
r202,100,R2,QLEARNING,1343073387,5,5000,4,1101.74
r202,100,R2,QLEARNING,1343073387,5,10000,4,1096.94
r202,100,R2,QLEARNING,1343073387,5,15000,4,1096.58
r202,100,R2,QLEARNING,1343073387,5,20000,4,1086.99
r202,100,R2,QLEARNING,1343073387,5,25000,4,1086.99
r202,100,R2,QLEARNING,1343105063,9,5000,4,1102.29
r202,100,R2,QLEARNING,1343105063,9,10000,4,1090.24
r202,100,R2,QLEARNING,1343105063,9,15000,4,1089.02
r202,100,R2,QLEARNING,1343105063,9,20000,4,1088.19
r202,100,R2,QLEARNING,1343105063,9,25000,4,1088.19
r202,100,R2,CLASSIC,1343041711,1,5000,4,1119.37
r202,100,R2,CLASSIC,1343041711,1,10000,4,1084.38
r202,100,R2,CLASSIC,1343041711,1,15000,4,1082.46
r202,100,R2,CLASSIC,1343041711,1,20000,4,1082.46
r202,100,R2,CLASSIC,1343041711,1,25000,4,1082.46
r202,100,R2,QLEARNING,1343097144,8,5000,4,1102.47
r202,100,R2,QLEARNING,1343097144,8,10000,4,1099.17
r202,100,R2,QLEARNING,1343097144,8,15000,4,1098.18
r202,100,R2,QLEARNING,1343097144,8,20000,4,1098.18
r202,100,R2,QLEARNING,1343097144,8,25000,4,1098.18
r202,100,R2,CLASSIC,1343081306,6,5000,4,1129.26
r202,100,R2,CLASSIC,1343081306,6,10000,4,1124.97
r202,100,R2,CLASSIC,1343081306,6,15000,4,1124.97
r202,100,R2,CLASSIC,1343081306,6,20000,4,1101.65
r202,100,R2,CLASSIC,1343081306,6,25000,4,1101.65
r202,100,R2,CLASSIC,1343049630,2,5000,4,1118.63
r202,100,R2,CLASSIC,1343049630,2,10000,4,1103.66
r202,100,R2,CLASSIC,1343049630,2,15000,4,1103.66
r202,100,R2,CLASSIC,1343049630,2,20000,4,1103.66
r202,100,R2,CLASSIC,1343049630,2,25000,3,1195.31
r202,100,R2,CLASSIC,1343089225,7,5000,4,1100.72
r202,100,R2,CLASSIC,1343089225,7,10000,4,1093.77
r202,100,R2,CLASSIC,1343089225,7,15000,4,1093.77
r202,100,R2,CLASSIC,1343089225,7,20000,4,1093.77
r202,100,R2,CLASSIC,1343089225,7,25000,4,1092.08
r202,100,R2,CLASSIC,1343073387,5,5000,4,1114.71
r202,100,R2,CLASSIC,1343073387,5,10000,4,1100.89
r202,100,R2,CLASSIC,1343073387,5,15000,4,1099.94
r202,100,R2,CLASSIC,1343073387,5,20000,4,1099.94
r202,100,R2,CLASSIC,1343073387,5,25000,4,1099.65
r202,100,R2,CLASSIC,1343057549,3,5000,4,1132.22
r202,100,R2,CLASSIC,1343057549,3,10000,4,1087.29
r202,100,R2,CLASSIC,1343057549,3,15000,4,1087.29
r202,100,R2,CLASSIC,1343057549,3,20000,4,1087.29
r202,100,R2,CLASSIC,1343057549,3,25000,4,1087.29
r202,100,R2,CLASSIC,1343065468,4,5000,4,1121.6
r202,100,R2,CLASSIC,1343065468,4,10000,4,1093.47
r202,100,R2,CLASSIC,1343065468,4,15000,4,1093.47
r202,100,R2,CLASSIC,1343065468,4,20000,4,1088.49
r202,100,R2,CLASSIC,1343065468,4,25000,4,1088.49
r203,100,R2,QLEARNING,655177376,10,5000,3,949.193
r203,100,R2,QLEARNING,655177376,10,10000,3,949.193
r203,100,R2,QLEARNING,655177376,10,15000,3,949.193
r203,100,R2,QLEARNING,655177376,10,20000,3,949.193
r203,100,R2,QLEARNING,655177376,10,25000,3,949.193
r203,100,R2,QLEARNING,655121943,3,5000,3,949.15
r203,100,R2,QLEARNING,655121943,3,10000,3,947.42
r203,100,R2,QLEARNING,655121943,3,15000,3,947.42
r203,100,R2,QLEARNING,655121943,3,20000,3,947.42
r203,100,R2,QLEARNING,655121943,3,25000,3,946.624
r203,100,R2,QLEARNING,655161538,8,5000,3,953.371
r203,100,R2,QLEARNING,655161538,8,10000,3,953.371
r203,100,R2,QLEARNING,655161538,8,15000,3,945.791
r203,100,R2,QLEARNING,655161538,8,20000,3,943.504
r203,100,R2,QLEARNING,655161538,8,25000,3,943.504
r203,100,R2,CLASSIC,655121943,3,5000,3,955.165
r203,100,R2,CLASSIC,655121943,3,10000,3,942.32
r203,100,R2,CLASSIC,655121943,3,15000,3,942.32
r203,100,R2,CLASSIC,655121943,3,20000,3,942.32
r203,100,R2,CLASSIC,655121943,3,25000,3,942.32
r203,100,R2,QLEARNING,655169457,9,5000,3,950.89
r203,100,R2,QLEARNING,655169457,9,10000,3,950.89
r203,100,R2,QLEARNING,655169457,9,15000,3,950.89
r203,100,R2,QLEARNING,655169457,9,20000,3,949.086
r203,100,R2,QLEARNING,655169457,9,25000,3,949.086
r203,100,R2,QLEARNING,655145700,6,5000,3,951.291
r203,100,R2,QLEARNING,655145700,6,10000,3,947.991
r203,100,R2,QLEARNING,655145700,6,15000,3,947.991
r203,100,R2,QLEARNING,655145700,6,20000,3,947.991
r203,100,R2,QLEARNING,655145700,6,25000,3,946.688
r203,100,R2,QLEARNING,655129862,4,5000,3,947.026
r203,100,R2,QLEARNING,655129862,4,10000,3,947.026
r203,100,R2,QLEARNING,655129862,4,15000,3,947.026
r203,100,R2,QLEARNING,655129862,4,20000,3,943.27
r203,100,R2,QLEARNING,655129862,4,25000,3,941.083
r203,100,R2,QLEARNING,655106105,1,5000,3,951.881
r203,100,R2,QLEARNING,655106105,1,10000,3,949.061
r203,100,R2,QLEARNING,655106105,1,15000,3,949.061
r203,100,R2,QLEARNING,655106105,1,20000,3,945.021
r203,100,R2,QLEARNING,655106105,1,25000,3,941.408
r203,100,R2,CLASSIC,655137781,5,5000,3,951.036
r203,100,R2,CLASSIC,655137781,5,10000,3,950.778
r203,100,R2,CLASSIC,655137781,5,15000,3,950.102
r203,100,R2,CLASSIC,655137781,5,20000,3,949.865
r203,100,R2,CLASSIC,655137781,5,25000,3,949.865
r203,100,R2,CLASSIC,655177376,10,5000,3,969.631
r203,100,R2,CLASSIC,655177376,10,10000,3,959.947
r203,100,R2,CLASSIC,655177376,10,15000,3,957.174
r203,100,R2,CLASSIC,655177376,10,20000,3,956.412
r203,100,R2,CLASSIC,655177376,10,25000,3,956.412
r203,100,R2,QLEARNING,655137781,5,5000,3,952.441
r203,100,R2,QLEARNING,655137781,5,10000,3,951.446
r203,100,R2,QLEARNING,655137781,5,15000,3,950.534
r203,100,R2,QLEARNING,655137781,5,20000,3,950.534
r203,100,R2,QLEARNING,655137781,5,25000,3,949.04
r203,100,R2,QLEARNING,655153619,7,5000,3,965.825
r203,100,R2,QLEARNING,655153619,7,10000,3,950.777
r203,100,R2,QLEARNING,655153619,7,15000,3,942.889
r203,100,R2,QLEARNING,655153619,7,20000,3,942.889
r203,100,R2,QLEARNING,655153619,7,25000,3,942.79
r203,100,R2,CLASSIC,655106105,1,5000,3,957.674
r203,100,R2,CLASSIC,655106105,1,10000,3,945.553
r203,100,R2,CLASSIC,655106105,1,15000,3,945.553
r203,100,R2,CLASSIC,655106105,1,20000,3,943.504
r203,100,R2,CLASSIC,655106105,1,25000,3,943.504
r203,100,R2,CLASSIC,655153619,7,5000,3,951.669
r203,100,R2,CLASSIC,655153619,7,10000,3,951.669
r203,100,R2,CLASSIC,655153619,7,15000,3,946.209
r203,100,R2,CLASSIC,655153619,7,20000,3,946.209
r203,100,R2,CLASSIC,655153619,7,25000,3,946.209
r203,100,R2,QLEARNING,655114024,2,5000,3,954.118
r203,100,R2,QLEARNING,655114024,2,10000,3,950.657
r203,100,R2,QLEARNING,655114024,2,15000,3,948.112
r203,100,R2,QLEARNING,655114024,2,20000,3,948.112
r203,100,R2,QLEARNING,655114024,2,25000,3,947.026
r203,100,R2,CLASSIC,655145700,6,5000,3,965.08
r203,100,R2,CLASSIC,655145700,6,10000,3,957.037
r203,100,R2,CLASSIC,655145700,6,15000,3,950.588
r203,100,R2,CLASSIC,655145700,6,20000,3,947.438
r203,100,R2,CLASSIC,655145700,6,25000,3,947.438
r203,100,R2,CLASSIC,655129862,4,5000,3,962.1
r203,100,R2,CLASSIC,655129862,4,10000,3,954.852
r203,100,R2,CLASSIC,655129862,4,15000,3,953.302
r203,100,R2,CLASSIC,655129862,4,20000,3,953.302
r203,100,R2,CLASSIC,655129862,4,25000,3,953.302
r203,100,R2,CLASSIC,655169457,9,5000,3,964.073
r203,100,R2,CLASSIC,655169457,9,10000,3,960.95
r203,100,R2,CLASSIC,655169457,9,15000,3,960.288
r203,100,R2,CLASSIC,655169457,9,20000,3,959.854
r203,100,R2,CLASSIC,655169457,9,25000,3,959.691
r204,100,R2,CLASSIC,963653254,6,5000,2,856.868
r204,100,R2,CLASSIC,963653254,6,10000,2,854.504
r204,100,R2,CLASSIC,963653254,6,15000,2,849.634
r204,100,R2,CLASSIC,963653254,6,20000,2,849.634
r204,100,R2,CLASSIC,963653254,6,25000,2,847.459
r203,100,R2,CLASSIC,655114024,2,5000,3,955.084
r203,100,R2,CLASSIC,655114024,2,10000,3,954.396
r203,100,R2,CLASSIC,655114024,2,15000,3,953.38
r203,100,R2,CLASSIC,655114024,2,20000,3,951.192
r203,100,R2,CLASSIC,655114024,2,25000,3,951.192
r203,100,R2,CLASSIC,655161538,8,5000,3,952.209
r203,100,R2,CLASSIC,655161538,8,10000,3,952.066
r203,100,R2,CLASSIC,655161538,8,15000,3,952.066
r203,100,R2,CLASSIC,655161538,8,20000,3,952.066
r203,100,R2,CLASSIC,655161538,8,25000,3,950.092
r205,100,R2,QLEARNING,1315488589,1,5000,3,1054.48
r205,100,R2,QLEARNING,1315488589,1,10000,3,1030.94
r205,100,R2,QLEARNING,1315488589,1,15000,3,1030.94
r205,100,R2,QLEARNING,1315488589,1,20000,3,1030.94
r205,100,R2,QLEARNING,1315488589,1,25000,3,1025.02
r205,100,R2,CLASSIC,1315488589,1,5000,3,1063.73
r205,100,R2,CLASSIC,1315488589,1,10000,3,1054.26
r205,100,R2,CLASSIC,1315488589,1,15000,3,1047.09
r205,100,R2,CLASSIC,1315488589,1,20000,3,1047.09
r205,100,R2,CLASSIC,1315488589,1,25000,3,1036.71
r205,100,R2,CLASSIC,1315504427,3,5000,3,1086.81
r205,100,R2,CLASSIC,1315504427,3,10000,3,1064.67
r205,100,R2,CLASSIC,1315504427,3,15000,3,1053.16
r205,100,R2,CLASSIC,1315504427,3,20000,3,1030.93
r205,100,R2,CLASSIC,1315504427,3,25000,3,1028.16
r205,100,R2,QLEARNING,1315504427,3,5000,3,1078.9
r205,100,R2,QLEARNING,1315504427,3,10000,3,1037.34
r205,100,R2,QLEARNING,1315504427,3,15000,3,1037.34
r205,100,R2,QLEARNING,1315504427,3,20000,3,1037.34
r205,100,R2,QLEARNING,1315504427,3,25000,3,1037.24
r204,100,R2,QLEARNING,963629497,3,5000,3,753.154
r204,100,R2,QLEARNING,963629497,3,10000,3,753.154
r204,100,R2,QLEARNING,963629497,3,15000,3,752.595
r204,100,R2,QLEARNING,963629497,3,20000,3,752.205
r204,100,R2,QLEARNING,963629497,3,25000,3,752.205
r205,100,R2,CLASSIC,1315528184,6,5000,3,1106.0
r205,100,R2,CLASSIC,1315528184,6,10000,3,1035.66
r205,100,R2,CLASSIC,1315528184,6,15000,3,1030.67
r205,100,R2,CLASSIC,1315528184,6,20000,3,1028.27
r205,100,R2,CLASSIC,1315528184,6,25000,3,1028.27
r205,100,R2,CLASSIC,1315520265,5,5000,3,1052.88
r205,100,R2,CLASSIC,1315520265,5,10000,3,1031.92
r205,100,R2,CLASSIC,1315520265,5,15000,3,1031.92
r205,100,R2,CLASSIC,1315520265,5,20000,3,1031.92
r205,100,R2,CLASSIC,1315520265,5,25000,3,1031.92
r205,100,R2,CLASSIC,1315544022,8,5000,3,1074.48
r205,100,R2,CLASSIC,1315544022,8,10000,3,1069.98
r205,100,R2,CLASSIC,1315544022,8,15000,3,1065.9
r205,100,R2,CLASSIC,1315544022,8,20000,3,1058.54
r205,100,R2,CLASSIC,1315544022,8,25000,3,1050.27
r205,100,R2,CLASSIC,1315512346,4,5000,3,1074.65
r205,100,R2,CLASSIC,1315512346,4,10000,3,1048.04
r205,100,R2,CLASSIC,1315512346,4,15000,3,1048.04
r205,100,R2,CLASSIC,1315512346,4,20000,3,1048.04
r205,100,R2,CLASSIC,1315512346,4,25000,3,1048.04
r205,100,R2,CLASSIC,1315496508,2,5000,3,1043.88
r205,100,R2,CLASSIC,1315496508,2,10000,3,1035.21
r205,100,R2,CLASSIC,1315496508,2,15000,3,1034.82
r205,100,R2,CLASSIC,1315496508,2,20000,3,1032.06
r205,100,R2,CLASSIC,1315496508,2,25000,3,1018.29
r205,100,R2,QLEARNING,1315559860,10,5000,3,1046.39
r205,100,R2,QLEARNING,1315559860,10,10000,3,1026.94
r205,100,R2,QLEARNING,1315559860,10,15000,3,1019.75
r205,100,R2,QLEARNING,1315559860,10,20000,3,1017.92
r205,100,R2,QLEARNING,1315559860,10,25000,3,1017.92
r205,100,R2,CLASSIC,1315536103,7,5000,3,1082.89
r205,100,R2,CLASSIC,1315536103,7,10000,3,1047.78
r205,100,R2,CLASSIC,1315536103,7,15000,3,1031.93
r205,100,R2,CLASSIC,1315536103,7,20000,3,1031.93
r205,100,R2,CLASSIC,1315536103,7,25000,3,1031.93
r205,100,R2,QLEARNING,1315496508,2,5000,3,1026.9
r205,100,R2,QLEARNING,1315496508,2,10000,3,1023.56
r205,100,R2,QLEARNING,1315496508,2,15000,3,1023.56
r205,100,R2,QLEARNING,1315496508,2,20000,3,1020.71
r205,100,R2,QLEARNING,1315496508,2,25000,3,1009.41
r205,100,R2,QLEARNING,1315528184,6,5000,3,1057.87
r205,100,R2,QLEARNING,1315528184,6,10000,3,1022.28
r205,100,R2,QLEARNING,1315528184,6,15000,3,1022.28
r205,100,R2,QLEARNING,1315528184,6,20000,3,1022.28
r205,100,R2,QLEARNING,1315528184,6,25000,3,1022.28
r204,100,R2,CLASSIC,963669092,8,5000,3,771.437
r204,100,R2,CLASSIC,963669092,8,10000,3,763.698
r204,100,R2,CLASSIC,963669092,8,15000,3,763.698
r204,100,R2,CLASSIC,963669092,8,20000,3,763.698
r204,100,R2,CLASSIC,963669092,8,25000,3,763.085
r204,100,R2,CLASSIC,963621578,2,5000,3,780.637
r204,100,R2,CLASSIC,963621578,2,10000,3,757.863
r204,100,R2,CLASSIC,963621578,2,15000,3,757.125
r204,100,R2,CLASSIC,963621578,2,20000,3,757.125
r204,100,R2,CLASSIC,963621578,2,25000,2,833.735
r204,100,R2,QLEARNING,963669092,8,5000,3,767.395
r204,100,R2,QLEARNING,963669092,8,10000,3,751.34
r204,100,R2,QLEARNING,963669092,8,15000,2,856.267
r204,100,R2,QLEARNING,963669092,8,20000,2,856.212
r204,100,R2,QLEARNING,963669092,8,25000,2,856.212
r205,100,R2,QLEARNING,1315520265,5,5000,3,1030.7
r205,100,R2,QLEARNING,1315520265,5,10000,3,1004.83
r205,100,R2,QLEARNING,1315520265,5,15000,3,1003.82
r205,100,R2,QLEARNING,1315520265,5,20000,3,1003.82
r205,100,R2,QLEARNING,1315520265,5,25000,3,1003.82
r205,100,R2,QLEARNING,1315512346,4,5000,3,1024.18
r205,100,R2,QLEARNING,1315512346,4,10000,3,1008.73
r205,100,R2,QLEARNING,1315512346,4,15000,3,1008.48
r205,100,R2,QLEARNING,1315512346,4,20000,3,1008.48
r205,100,R2,QLEARNING,1315512346,4,25000,3,1008.48
r205,100,R2,QLEARNING,1315536103,7,5000,3,1027.8
r205,100,R2,QLEARNING,1315536103,7,10000,3,1012.78
r205,100,R2,QLEARNING,1315536103,7,15000,3,1012.78
r205,100,R2,QLEARNING,1315536103,7,20000,3,1012.78
r205,100,R2,QLEARNING,1315536103,7,25000,3,1010.53
r204,100,R2,CLASSIC,963645335,5,5000,3,788.263
r204,100,R2,CLASSIC,963645335,5,10000,2,851.353
r204,100,R2,CLASSIC,963645335,5,15000,2,833.49
r204,100,R2,CLASSIC,963645335,5,20000,2,832.144
r204,100,R2,CLASSIC,963645335,5,25000,2,832.144
r205,100,R2,QLEARNING,1315551941,9,5000,3,1014.02
r205,100,R2,QLEARNING,1315551941,9,10000,3,1014.02
r205,100,R2,QLEARNING,1315551941,9,15000,3,1006.74
r205,100,R2,QLEARNING,1315551941,9,20000,3,1006.42
r205,100,R2,QLEARNING,1315551941,9,25000,3,1006.42
r205,100,R2,CLASSIC,1315551941,9,5000,3,1055.61
r205,100,R2,CLASSIC,1315551941,9,10000,3,1034.0
r205,100,R2,CLASSIC,1315551941,9,15000,3,1030.05
r205,100,R2,CLASSIC,1315551941,9,20000,3,1026.21
r205,100,R2,CLASSIC,1315551941,9,25000,3,1018.81
r204,100,R2,QLEARNING,963613659,1,5000,3,761.097
r204,100,R2,QLEARNING,963613659,1,10000,3,761.097
r204,100,R2,QLEARNING,963613659,1,15000,3,761.097
r204,100,R2,QLEARNING,963613659,1,20000,2,862.521
r204,100,R2,QLEARNING,963613659,1,25000,2,856.915
r205,100,R2,CLASSIC,1315559860,10,5000,3,1084.21
r205,100,R2,CLASSIC,1315559860,10,10000,3,1061.11
r205,100,R2,CLASSIC,1315559860,10,15000,3,1029.36
r205,100,R2,CLASSIC,1315559860,10,20000,3,1020.91
r205,100,R2,CLASSIC,1315559860,10,25000,3,1020.91
r204,100,R2,QLEARNING,963621578,2,5000,3,752.527
r204,100,R2,QLEARNING,963621578,2,10000,3,752.527
r204,100,R2,QLEARNING,963621578,2,15000,3,751.968
r204,100,R2,QLEARNING,963621578,2,20000,2,912.542
r204,100,R2,QLEARNING,963621578,2,25000,2,840.756
r204,100,R2,QLEARNING,963684930,10,5000,3,764.685
r204,100,R2,QLEARNING,963684930,10,10000,3,756.589
r204,100,R2,QLEARNING,963684930,10,15000,2,849.071
r204,100,R2,QLEARNING,963684930,10,20000,2,849.071
r204,100,R2,QLEARNING,963684930,10,25000,2,849.071
r204,100,R2,QLEARNING,963637416,4,5000,3,763.43
r204,100,R2,QLEARNING,963637416,4,10000,3,754.424
r204,100,R2,QLEARNING,963637416,4,15000,3,751.55
r204,100,R2,QLEARNING,963637416,4,20000,2,845.106
r204,100,R2,QLEARNING,963637416,4,25000,2,834.453
r205,100,R2,QLEARNING,1315544022,8,5000,3,1054.08
r205,100,R2,QLEARNING,1315544022,8,10000,3,1054.06
r205,100,R2,QLEARNING,1315544022,8,15000,3,1045.87
r205,100,R2,QLEARNING,1315544022,8,20000,3,1044.93
r205,100,R2,QLEARNING,1315544022,8,25000,3,1044.19
r204,100,R2,CLASSIC,963629497,3,5000,3,765.31
r204,100,R2,CLASSIC,963629497,3,10000,3,763.146
r204,100,R2,CLASSIC,963629497,3,15000,3,763.146
r204,100,R2,CLASSIC,963629497,3,20000,3,763.146
r204,100,R2,CLASSIC,963629497,3,25000,3,756.748
r204,100,R2,CLASSIC,963661173,7,5000,3,765.166
r204,100,R2,CLASSIC,963661173,7,10000,2,857.409
r204,100,R2,CLASSIC,963661173,7,15000,2,849.195
r204,100,R2,CLASSIC,963661173,7,20000,2,849.195
r204,100,R2,CLASSIC,963661173,7,25000,2,849.05
r204,100,R2,CLASSIC,963684930,10,5000,3,765.373
r204,100,R2,CLASSIC,963684930,10,10000,3,764.614
r204,100,R2,CLASSIC,963684930,10,15000,2,847.897
r204,100,R2,CLASSIC,963684930,10,20000,2,832.451
r204,100,R2,CLASSIC,963684930,10,25000,2,831.489
r204,100,R2,CLASSIC,963613659,1,5000,3,764.295
r204,100,R2,CLASSIC,963613659,1,10000,3,755.901
r204,100,R2,CLASSIC,963613659,1,15000,2,879.877
r204,100,R2,CLASSIC,963613659,1,20000,2,865.144
r204,100,R2,CLASSIC,963613659,1,25000,2,864.793
r204,100,R2,CLASSIC,963637416,4,5000,2,856.761
r204,100,R2,CLASSIC,963637416,4,10000,2,856.761
r204,100,R2,CLASSIC,963637416,4,15000,2,849.382
r204,100,R2,CLASSIC,963637416,4,20000,2,847.926
r204,100,R2,CLASSIC,963637416,4,25000,2,847.926
r204,100,R2,QLEARNING,963661173,7,5000,2,837.144
r204,100,R2,QLEARNING,963661173,7,10000,2,831.122
r204,100,R2,QLEARNING,963661173,7,15000,2,831.122
r204,100,R2,QLEARNING,963661173,7,20000,2,828.776
r204,100,R2,QLEARNING,963661173,7,25000,2,828.776
r204,100,R2,QLEARNING,963653254,6,5000,2,850.372
r204,100,R2,QLEARNING,963653254,6,10000,2,849.206
r204,100,R2,QLEARNING,963653254,6,15000,2,849.206
r204,100,R2,QLEARNING,963653254,6,20000,2,849.206
r204,100,R2,QLEARNING,963653254,6,25000,2,849.206
r204,100,R2,QLEARNING,963677011,9,5000,3,769.101
r204,100,R2,QLEARNING,963677011,9,10000,3,758.059
r204,100,R2,QLEARNING,963677011,9,15000,2,887.38
r204,100,R2,QLEARNING,963677011,9,20000,2,880.617
r204,100,R2,QLEARNING,963677011,9,25000,2,856.335
r204,100,R2,CLASSIC,963677011,9,5000,3,760.039
r204,100,R2,CLASSIC,963677011,9,10000,3,755.761
r204,100,R2,CLASSIC,963677011,9,15000,3,755.761
r204,100,R2,CLASSIC,963677011,9,20000,2,847.147
r204,100,R2,CLASSIC,963677011,9,25000,2,838.554
r206,100,R2,QLEARNING,1466028437,4,5000,3,942.594
r206,100,R2,QLEARNING,1466028437,4,10000,3,919.343
r206,100,R2,QLEARNING,1466028437,4,15000,3,919.343
r206,100,R2,QLEARNING,1466028437,4,20000,3,919.343
r206,100,R2,QLEARNING,1466028437,4,25000,3,918.563
r204,100,R2,QLEARNING,963645335,5,5000,2,849.407
r204,100,R2,QLEARNING,963645335,5,10000,2,849.139
r204,100,R2,QLEARNING,963645335,5,15000,2,849.071
r204,100,R2,QLEARNING,963645335,5,20000,2,848.709
r204,100,R2,QLEARNING,963645335,5,25000,2,848.709
r206,100,R2,QLEARNING,1466044275,6,5000,3,928.415
r206,100,R2,QLEARNING,1466044275,6,10000,3,916.348
r206,100,R2,QLEARNING,1466044275,6,15000,3,916.348
r206,100,R2,QLEARNING,1466044275,6,20000,3,914.781
r206,100,R2,QLEARNING,1466044275,6,25000,3,907.93
r206,100,R2,CLASSIC,1466012599,2,5000,3,912.265
r206,100,R2,CLASSIC,1466012599,2,10000,3,910.268
r206,100,R2,CLASSIC,1466012599,2,15000,3,910.268
r206,100,R2,CLASSIC,1466012599,2,20000,3,910.268
r206,100,R2,CLASSIC,1466012599,2,25000,3,910.268
r206,100,R2,CLASSIC,1466020518,3,5000,3,938.687
r206,100,R2,CLASSIC,1466020518,3,10000,3,927.323
r206,100,R2,CLASSIC,1466020518,3,15000,3,919.386
r206,100,R2,CLASSIC,1466020518,3,20000,3,919.386
r206,100,R2,CLASSIC,1466020518,3,25000,3,919.386
r206,100,R2,QLEARNING,1466004680,1,5000,3,914.384
r206,100,R2,QLEARNING,1466004680,1,10000,3,913.242
r206,100,R2,QLEARNING,1466004680,1,15000,3,913.242
r206,100,R2,QLEARNING,1466004680,1,20000,3,913.242
r206,100,R2,QLEARNING,1466004680,1,25000,3,913.242
r206,100,R2,CLASSIC,1466060113,8,5000,3,959.574
r206,100,R2,CLASSIC,1466060113,8,10000,3,939.448
r206,100,R2,CLASSIC,1466060113,8,15000,3,933.884
r206,100,R2,CLASSIC,1466060113,8,20000,3,933.884
r206,100,R2,CLASSIC,1466060113,8,25000,3,930.931
r206,100,R2,CLASSIC,1466028437,4,5000,3,953.659
r206,100,R2,CLASSIC,1466028437,4,10000,3,953.659
r206,100,R2,CLASSIC,1466028437,4,15000,3,953.192
r206,100,R2,CLASSIC,1466028437,4,20000,3,942.136
r206,100,R2,CLASSIC,1466028437,4,25000,3,935.394
r206,100,R2,CLASSIC,1466004680,1,5000,3,945.629
r206,100,R2,CLASSIC,1466004680,1,10000,3,932.146
r206,100,R2,CLASSIC,1466004680,1,15000,3,925.901
r206,100,R2,CLASSIC,1466004680,1,20000,3,925.901
r206,100,R2,CLASSIC,1466004680,1,25000,3,925.654
r206,100,R2,QLEARNING,1466052194,7,5000,3,933.16
r206,100,R2,QLEARNING,1466052194,7,10000,3,933.16
r206,100,R2,QLEARNING,1466052194,7,15000,3,916.28
r206,100,R2,QLEARNING,1466052194,7,20000,3,915.033
r206,100,R2,QLEARNING,1466052194,7,25000,3,909.819
r206,100,R2,QLEARNING,1466036356,5,5000,3,953.332
r206,100,R2,QLEARNING,1466036356,5,10000,3,922.427
r206,100,R2,QLEARNING,1466036356,5,15000,3,913.666
r206,100,R2,QLEARNING,1466036356,5,20000,3,913.666
r206,100,R2,QLEARNING,1466036356,5,25000,3,913.666
r206,100,R2,QLEARNING,1466012599,2,5000,3,917.884
r206,100,R2,QLEARNING,1466012599,2,10000,3,914.859
r206,100,R2,QLEARNING,1466012599,2,15000,3,914.859
r206,100,R2,QLEARNING,1466012599,2,20000,3,914.026
r206,100,R2,QLEARNING,1466012599,2,25000,3,913.861
r206,100,R2,CLASSIC,1466075951,10,5000,3,963.485
r206,100,R2,CLASSIC,1466075951,10,10000,3,957.292
r206,100,R2,CLASSIC,1466075951,10,15000,3,957.292
r206,100,R2,CLASSIC,1466075951,10,20000,3,955.684
r206,100,R2,CLASSIC,1466075951,10,25000,3,952.371
r206,100,R2,QLEARNING,1466075951,10,5000,3,950.437
r206,100,R2,QLEARNING,1466075951,10,10000,3,926.186
r206,100,R2,QLEARNING,1466075951,10,15000,3,926.186
r206,100,R2,QLEARNING,1466075951,10,20000,3,926.186
r206,100,R2,QLEARNING,1466075951,10,25000,3,926.186
r206,100,R2,QLEARNING,1466068032,9,5000,3,924.208
r206,100,R2,QLEARNING,1466068032,9,10000,3,916.465
r206,100,R2,QLEARNING,1466068032,9,15000,3,915.345
r206,100,R2,QLEARNING,1466068032,9,20000,3,912.87
r206,100,R2,QLEARNING,1466068032,9,25000,3,910.538
r206,100,R2,QLEARNING,1466060113,8,5000,3,942.167
r206,100,R2,QLEARNING,1466060113,8,10000,3,913.791
r206,100,R2,QLEARNING,1466060113,8,15000,3,913.394
r206,100,R2,QLEARNING,1466060113,8,20000,3,913.394
r206,100,R2,QLEARNING,1466060113,8,25000,3,913.394
r206,100,R2,CLASSIC,1466036356,5,5000,3,965.721
r206,100,R2,CLASSIC,1466036356,5,10000,3,952.645
r206,100,R2,CLASSIC,1466036356,5,15000,3,952.645
r206,100,R2,CLASSIC,1466036356,5,20000,3,952.645
r206,100,R2,CLASSIC,1466036356,5,25000,3,932.272
r206,100,R2,QLEARNING,1466020518,3,5000,3,919.301
r206,100,R2,QLEARNING,1466020518,3,10000,3,919.301
r206,100,R2,QLEARNING,1466020518,3,15000,3,919.301
r206,100,R2,QLEARNING,1466020518,3,20000,3,919.301
r206,100,R2,QLEARNING,1466020518,3,25000,3,913.257
r207,100,R2,QLEARNING,543604991,4,5000,3,815.939
r207,100,R2,QLEARNING,543604991,4,10000,3,815.939
r207,100,R2,QLEARNING,543604991,4,15000,3,814.728
r207,100,R2,QLEARNING,543604991,4,20000,3,814.728
r207,100,R2,QLEARNING,543604991,4,25000,3,814.728
r206,100,R2,CLASSIC,1466044275,6,5000,3,937.654
r206,100,R2,CLASSIC,1466044275,6,10000,3,937.628
r206,100,R2,CLASSIC,1466044275,6,15000,3,937.628
r206,100,R2,CLASSIC,1466044275,6,20000,3,937.628
r206,100,R2,CLASSIC,1466044275,6,25000,3,930.298
r207,100,R2,QLEARNING,543581234,1,5000,3,837.368
r207,100,R2,QLEARNING,543581234,1,10000,3,815.944
r207,100,R2,QLEARNING,543581234,1,15000,3,812.72
r207,100,R2,QLEARNING,543581234,1,20000,3,812.72
r207,100,R2,QLEARNING,543581234,1,25000,3,812.72
r206,100,R2,CLASSIC,1466052194,7,5000,3,950.98
r206,100,R2,CLASSIC,1466052194,7,10000,3,921.841
r206,100,R2,CLASSIC,1466052194,7,15000,3,920.758
r206,100,R2,CLASSIC,1466052194,7,20000,3,919.879
r206,100,R2,CLASSIC,1466052194,7,25000,3,919.879
r206,100,R2,CLASSIC,1466068032,9,5000,3,956.171
r206,100,R2,CLASSIC,1466068032,9,10000,3,938.659
r206,100,R2,CLASSIC,1466068032,9,15000,3,938.659
r206,100,R2,CLASSIC,1466068032,9,20000,3,938.659
r206,100,R2,CLASSIC,1466068032,9,25000,3,937.915
r207,100,R2,CLASSIC,543620829,6,5000,3,821.662
r207,100,R2,CLASSIC,543620829,6,10000,3,813.115
r207,100,R2,CLASSIC,543620829,6,15000,3,813.115
r207,100,R2,CLASSIC,543620829,6,20000,3,812.857
r207,100,R2,CLASSIC,543620829,6,25000,3,812.857
r207,100,R2,CLASSIC,543597072,3,5000,3,831.69
r207,100,R2,CLASSIC,543597072,3,10000,3,827.55
r207,100,R2,CLASSIC,543597072,3,15000,3,821.562
r207,100,R2,CLASSIC,543597072,3,20000,3,821.562
r207,100,R2,CLASSIC,543597072,3,25000,3,820.971
r207,100,R2,QLEARNING,543589153,2,5000,3,834.067
r207,100,R2,QLEARNING,543589153,2,10000,3,814.823
r207,100,R2,QLEARNING,543589153,2,15000,3,814.749
r207,100,R2,QLEARNING,543589153,2,20000,3,814.49
r207,100,R2,QLEARNING,543589153,2,25000,3,814.49
r207,100,R2,CLASSIC,543581234,1,5000,3,822.146
r207,100,R2,CLASSIC,543581234,1,10000,3,820.367
r207,100,R2,CLASSIC,543581234,1,15000,3,819.6
r207,100,R2,CLASSIC,543581234,1,20000,3,819.6
r207,100,R2,CLASSIC,543581234,1,25000,3,819.385
r207,100,R2,QLEARNING,543644586,9,5000,3,824.318
r207,100,R2,QLEARNING,543644586,9,10000,3,814.943
r207,100,R2,QLEARNING,543644586,9,15000,3,813.573
r207,100,R2,QLEARNING,543644586,9,20000,3,813.453
r207,100,R2,QLEARNING,543644586,9,25000,3,813.453
r207,100,R2,CLASSIC,543612910,5,5000,3,829.812
r207,100,R2,CLASSIC,543612910,5,10000,3,829.812
r207,100,R2,CLASSIC,543612910,5,15000,3,820.56
r207,100,R2,CLASSIC,543612910,5,20000,3,820.556
r207,100,R2,CLASSIC,543612910,5,25000,3,814.906
r207,100,R2,QLEARNING,543597072,3,5000,3,818.049
r207,100,R2,QLEARNING,543597072,3,10000,3,818.049
r207,100,R2,QLEARNING,543597072,3,15000,3,818.049
r207,100,R2,QLEARNING,543597072,3,20000,3,814.987
r207,100,R2,QLEARNING,543597072,3,25000,3,814.987
r207,100,R2,QLEARNING,543612910,5,5000,3,814.98
r207,100,R2,QLEARNING,543612910,5,10000,3,813.453
r207,100,R2,QLEARNING,543612910,5,15000,3,813.453
r207,100,R2,QLEARNING,543612910,5,20000,3,813.453
r207,100,R2,QLEARNING,543612910,5,25000,3,813.453
r207,100,R2,QLEARNING,543620829,6,5000,3,819.998
r207,100,R2,QLEARNING,543620829,6,10000,3,815.256
r207,100,R2,QLEARNING,543620829,6,15000,3,815.256
r207,100,R2,QLEARNING,543620829,6,20000,3,814.987
r207,100,R2,QLEARNING,543620829,6,25000,3,814.987
r207,100,R2,QLEARNING,543652505,10,5000,3,827.727
r207,100,R2,QLEARNING,543652505,10,10000,3,815.246
r207,100,R2,QLEARNING,543652505,10,15000,3,814.987
r207,100,R2,QLEARNING,543652505,10,20000,3,814.987
r207,100,R2,QLEARNING,543652505,10,25000,3,814.987
r207,100,R2,QLEARNING,543636667,8,5000,3,827.182
r207,100,R2,QLEARNING,543636667,8,10000,3,814.987
r207,100,R2,QLEARNING,543636667,8,15000,3,814.987
r207,100,R2,QLEARNING,543636667,8,20000,3,814.987
r207,100,R2,QLEARNING,543636667,8,25000,3,814.987
r207,100,R2,CLASSIC,543636667,8,5000,3,824.754
r207,100,R2,CLASSIC,543636667,8,10000,3,820.174
r207,100,R2,CLASSIC,543636667,8,15000,3,818.404
r207,100,R2,CLASSIC,543636667,8,20000,3,818.404
r207,100,R2,CLASSIC,543636667,8,25000,3,818.404
r209,100,R2,QLEARNING,1205773861,2,5000,3,951.608
r209,100,R2,QLEARNING,1205773861,2,10000,3,924.026
r209,100,R2,QLEARNING,1205773861,2,15000,3,924.026
r209,100,R2,QLEARNING,1205773861,2,20000,3,924.026
r209,100,R2,QLEARNING,1205773861,2,25000,3,924.026
r207,100,R2,CLASSIC,543604991,4,5000,3,832.359
r207,100,R2,CLASSIC,543604991,4,10000,3,829.057
r207,100,R2,CLASSIC,543604991,4,15000,3,828.834
r207,100,R2,CLASSIC,543604991,4,20000,3,818.451
r207,100,R2,CLASSIC,543604991,4,25000,3,818.451
r207,100,R2,CLASSIC,543644586,9,5000,3,835.411
r207,100,R2,CLASSIC,543644586,9,10000,3,830.955
r207,100,R2,CLASSIC,543644586,9,15000,3,830.549
r207,100,R2,CLASSIC,543644586,9,20000,3,830.549
r207,100,R2,CLASSIC,543644586,9,25000,3,830.549
r207,100,R2,CLASSIC,543628748,7,5000,3,837.314
r207,100,R2,CLASSIC,543628748,7,10000,3,819.21
r207,100,R2,CLASSIC,543628748,7,15000,3,819.21
r207,100,R2,CLASSIC,543628748,7,20000,3,818.333
r207,100,R2,CLASSIC,543628748,7,25000,3,818.148
r207,100,R2,CLASSIC,543589153,2,5000,3,818.917
r207,100,R2,CLASSIC,543589153,2,10000,3,818.659
r207,100,R2,CLASSIC,543589153,2,15000,3,818.659
r207,100,R2,CLASSIC,543589153,2,20000,3,817.968
r207,100,R2,CLASSIC,543589153,2,25000,3,816.116
r207,100,R2,CLASSIC,543652505,10,5000,3,842.527
r207,100,R2,CLASSIC,543652505,10,10000,3,821.387
r207,100,R2,CLASSIC,543652505,10,15000,3,817.11
r207,100,R2,CLASSIC,543652505,10,20000,3,815.804
r207,100,R2,CLASSIC,543652505,10,25000,3,815.256
r207,100,R2,QLEARNING,543628748,7,5000,3,815.515
r207,100,R2,QLEARNING,543628748,7,10000,3,814.987
r207,100,R2,QLEARNING,543628748,7,15000,3,814.987
r207,100,R2,QLEARNING,543628748,7,20000,3,814.987
r207,100,R2,QLEARNING,543628748,7,25000,3,814.987
r209,100,R2,CLASSIC,1205797618,5,5000,3,938.033
r209,100,R2,CLASSIC,1205797618,5,10000,3,928.687
r209,100,R2,CLASSIC,1205797618,5,15000,3,926.653
r209,100,R2,CLASSIC,1205797618,5,20000,3,925.632
r209,100,R2,CLASSIC,1205797618,5,25000,3,925.632
r210,100,R2,CLASSIC,656023554,2,5000,3,983.961
r210,100,R2,CLASSIC,656023554,2,10000,3,966.685
r210,100,R2,CLASSIC,656023554,2,15000,3,966.685
r210,100,R2,CLASSIC,656023554,2,20000,3,966.685
r210,100,R2,CLASSIC,656023554,2,25000,3,966.685
r209,100,R2,CLASSIC,1205765942,1,5000,3,967.681
r209,100,R2,CLASSIC,1205765942,1,10000,3,957.357
r209,100,R2,CLASSIC,1205765942,1,15000,3,936.342
r209,100,R2,CLASSIC,1205765942,1,20000,3,920.924
r209,100,R2,CLASSIC,1205765942,1,25000,3,920.924
r209,100,R2,CLASSIC,1205773861,2,5000,3,966.979
r209,100,R2,CLASSIC,1205773861,2,10000,3,947.812
r209,100,R2,CLASSIC,1205773861,2,15000,3,935.408
r209,100,R2,CLASSIC,1205773861,2,20000,3,932.973
r209,100,R2,CLASSIC,1205773861,2,25000,3,932.973
r209,100,R2,CLASSIC,1205805537,6,5000,3,960.105
r209,100,R2,CLASSIC,1205805537,6,10000,3,956.523
r209,100,R2,CLASSIC,1205805537,6,15000,3,955.855
r209,100,R2,CLASSIC,1205805537,6,20000,3,954.673
r209,100,R2,CLASSIC,1205805537,6,25000,3,945.565
r209,100,R2,CLASSIC,1205813456,7,5000,3,946.212
r209,100,R2,CLASSIC,1205813456,7,10000,3,945.028
r209,100,R2,CLASSIC,1205813456,7,15000,3,944.931
r209,100,R2,CLASSIC,1205813456,7,20000,3,944.713
r209,100,R2,CLASSIC,1205813456,7,25000,3,944.713
r209,100,R2,QLEARNING,1205765942,1,5000,3,949.448
r209,100,R2,QLEARNING,1205765942,1,10000,3,926.518
r209,100,R2,QLEARNING,1205765942,1,15000,3,920.566
r209,100,R2,QLEARNING,1205765942,1,20000,3,920.566
r209,100,R2,QLEARNING,1205765942,1,25000,3,919.49
r208,100,R2,QLEARNING,819597658,7,5000,2,733.689
r208,100,R2,QLEARNING,819597658,7,10000,2,732.899
r208,100,R2,QLEARNING,819597658,7,15000,2,727.687
r208,100,R2,QLEARNING,819597658,7,20000,2,727.687
r208,100,R2,QLEARNING,819597658,7,25000,2,727.687
r208,100,R2,CLASSIC,819565982,3,5000,2,737.514
r208,100,R2,CLASSIC,819565982,3,10000,2,736.74
r208,100,R2,CLASSIC,819565982,3,15000,2,736.74
r208,100,R2,CLASSIC,819565982,3,20000,2,736.74
r208,100,R2,CLASSIC,819565982,3,25000,2,736.74
r209,100,R2,QLEARNING,1205781780,3,5000,3,969.46
r209,100,R2,QLEARNING,1205781780,3,10000,3,956.779
r209,100,R2,QLEARNING,1205781780,3,15000,3,927.606
r209,100,R2,QLEARNING,1205781780,3,20000,3,926.478
r209,100,R2,QLEARNING,1205781780,3,25000,3,926.478
r209,100,R2,CLASSIC,1205789699,4,5000,3,970.393
r209,100,R2,CLASSIC,1205789699,4,10000,3,951.007
r209,100,R2,CLASSIC,1205789699,4,15000,3,947.382
r209,100,R2,CLASSIC,1205789699,4,20000,3,940.693
r209,100,R2,CLASSIC,1205789699,4,25000,3,933.489
r209,100,R2,QLEARNING,1205829294,9,5000,3,959.924
r209,100,R2,QLEARNING,1205829294,9,10000,3,936.851
r209,100,R2,QLEARNING,1205829294,9,15000,3,936.851
r209,100,R2,QLEARNING,1205829294,9,20000,3,936.851
r209,100,R2,QLEARNING,1205829294,9,25000,3,936.851
r208,100,R2,QLEARNING,819558063,2,5000,2,731.193
r208,100,R2,QLEARNING,819558063,2,10000,2,731.193
r208,100,R2,QLEARNING,819558063,2,15000,2,726.823
r208,100,R2,QLEARNING,819558063,2,20000,2,726.823
r208,100,R2,QLEARNING,819558063,2,25000,2,726.823
r209,100,R2,CLASSIC,1205781780,3,5000,3,926.653
r209,100,R2,CLASSIC,1205781780,3,10000,3,925.632
r209,100,R2,CLASSIC,1205781780,3,15000,3,925.632
r209,100,R2,CLASSIC,1205781780,3,20000,3,925.632
r209,100,R2,CLASSIC,1205781780,3,25000,3,925.632
r209,100,R2,CLASSIC,1205821375,8,5000,3,954.207
r209,100,R2,CLASSIC,1205821375,8,10000,3,923.828
r209,100,R2,CLASSIC,1205821375,8,15000,3,922.576
r209,100,R2,CLASSIC,1205821375,8,20000,3,922.576
r209,100,R2,CLASSIC,1205821375,8,25000,3,919.778
r208,100,R2,CLASSIC,819605577,8,5000,2,747.989
r208,100,R2,CLASSIC,819605577,8,10000,2,740.3
r208,100,R2,CLASSIC,819605577,8,15000,2,737.789
r208,100,R2,CLASSIC,819605577,8,20000,2,736.1
r208,100,R2,CLASSIC,819605577,8,25000,2,735.144
r209,100,R2,QLEARNING,1205789699,4,5000,3,932.17
r209,100,R2,QLEARNING,1205789699,4,10000,3,932.17
r209,100,R2,QLEARNING,1205789699,4,15000,3,924.877
r209,100,R2,QLEARNING,1205789699,4,20000,3,924.861
r209,100,R2,QLEARNING,1205789699,4,25000,3,924.313
r208,100,R2,CLASSIC,819550144,1,5000,2,750.872
r208,100,R2,CLASSIC,819550144,1,10000,2,739.636
r208,100,R2,CLASSIC,819550144,1,15000,2,739.636
r208,100,R2,CLASSIC,819550144,1,20000,2,739.636
r208,100,R2,CLASSIC,819550144,1,25000,2,739.636
r209,100,R2,QLEARNING,1205805537,6,5000,3,946.414
r209,100,R2,QLEARNING,1205805537,6,10000,3,929.094
r209,100,R2,QLEARNING,1205805537,6,15000,3,921.3
r209,100,R2,QLEARNING,1205805537,6,20000,3,921.3
r209,100,R2,QLEARNING,1205805537,6,25000,3,921.3
r208,100,R2,CLASSIC,819573901,4,5000,2,735.614
r208,100,R2,CLASSIC,819573901,4,10000,2,731.213
r208,100,R2,CLASSIC,819573901,4,15000,2,730.401
r208,100,R2,CLASSIC,819573901,4,20000,2,729.288
r208,100,R2,CLASSIC,819573901,4,25000,2,729.288
r209,100,R2,CLASSIC,1205829294,9,5000,3,979.766
r209,100,R2,CLASSIC,1205829294,9,10000,3,928.122
r209,100,R2,CLASSIC,1205829294,9,15000,3,928.122
r209,100,R2,CLASSIC,1205829294,9,20000,3,928.027
r209,100,R2,CLASSIC,1205829294,9,25000,3,928.027
r209,100,R2,QLEARNING,1205813456,7,5000,3,949.258
r209,100,R2,QLEARNING,1205813456,7,10000,3,942.855
r209,100,R2,QLEARNING,1205813456,7,15000,3,937.296
r209,100,R2,QLEARNING,1205813456,7,20000,3,925.146
r209,100,R2,QLEARNING,1205813456,7,25000,3,925.146
r209,100,R2,QLEARNING,1205797618,5,5000,3,937.084
r209,100,R2,QLEARNING,1205797618,5,10000,3,937.073
r209,100,R2,QLEARNING,1205797618,5,15000,3,937.073
r209,100,R2,QLEARNING,1205797618,5,20000,3,937.073
r209,100,R2,QLEARNING,1205797618,5,25000,3,929.326
r208,100,R2,QLEARNING,819581820,5,5000,2,749.792
r208,100,R2,QLEARNING,819581820,5,10000,2,747.227
r208,100,R2,QLEARNING,819581820,5,15000,2,733.98
r208,100,R2,QLEARNING,819581820,5,20000,2,732.153
r208,100,R2,QLEARNING,819581820,5,25000,2,732.153
r209,100,R2,CLASSIC,1205837213,10,5000,3,940.065
r209,100,R2,CLASSIC,1205837213,10,10000,3,922.454
r209,100,R2,CLASSIC,1205837213,10,15000,3,922.243
r209,100,R2,CLASSIC,1205837213,10,20000,3,922.243
r209,100,R2,CLASSIC,1205837213,10,25000,3,922.243
r210,100,R2,CLASSIC,656039392,4,5000,3,973.013
r210,100,R2,CLASSIC,656039392,4,10000,3,971.568
r210,100,R2,CLASSIC,656039392,4,15000,3,971.333
r210,100,R2,CLASSIC,656039392,4,20000,3,971.333
r210,100,R2,CLASSIC,656039392,4,25000,3,961.723
r208,100,R2,QLEARNING,819550144,1,5000,2,741.472
r208,100,R2,QLEARNING,819550144,1,10000,2,741.472
r208,100,R2,QLEARNING,819550144,1,15000,2,741.472
r208,100,R2,QLEARNING,819550144,1,20000,2,741.472
r208,100,R2,QLEARNING,819550144,1,25000,2,741.472
r209,100,R2,QLEARNING,1205821375,8,5000,3,939.929
r209,100,R2,QLEARNING,1205821375,8,10000,3,931.997
r209,100,R2,QLEARNING,1205821375,8,15000,3,929.122
r209,100,R2,QLEARNING,1205821375,8,20000,3,929.122
r209,100,R2,QLEARNING,1205821375,8,25000,3,928.475
r208,100,R2,CLASSIC,819589739,6,5000,2,748.094
r208,100,R2,CLASSIC,819589739,6,10000,2,741.314
r208,100,R2,CLASSIC,819589739,6,15000,2,739.634
r208,100,R2,CLASSIC,819589739,6,20000,2,738.799
r208,100,R2,CLASSIC,819589739,6,25000,2,730.343
r208,100,R2,CLASSIC,819558063,2,5000,2,730.799
r208,100,R2,CLASSIC,819558063,2,10000,2,729.116
r208,100,R2,CLASSIC,819558063,2,15000,2,727.687
r208,100,R2,CLASSIC,819558063,2,20000,2,727.687
r208,100,R2,CLASSIC,819558063,2,25000,2,727.687
r210,100,R2,QLEARNING,656015635,1,5000,3,944.938
r210,100,R2,QLEARNING,656015635,1,10000,3,944.938
r210,100,R2,QLEARNING,656015635,1,15000,3,944.938
r210,100,R2,QLEARNING,656015635,1,20000,3,944.938
r210,100,R2,QLEARNING,656015635,1,25000,3,944.794
r209,100,R2,QLEARNING,1205837213,10,5000,3,961.968
r209,100,R2,QLEARNING,1205837213,10,10000,3,950.567
r209,100,R2,QLEARNING,1205837213,10,15000,3,931.652
r209,100,R2,QLEARNING,1205837213,10,20000,3,931.652
r209,100,R2,QLEARNING,1205837213,10,25000,3,931.652
r208,100,R2,QLEARNING,819589739,6,5000,2,746.183
r208,100,R2,QLEARNING,819589739,6,10000,2,742.214
r208,100,R2,QLEARNING,819589739,6,15000,2,741.107
r208,100,R2,QLEARNING,819589739,6,20000,2,741.091
r208,100,R2,QLEARNING,819589739,6,25000,2,741.091
r208,100,R2,QLEARNING,819573901,4,5000,2,743.652
r208,100,R2,QLEARNING,819573901,4,10000,2,730.186
r208,100,R2,QLEARNING,819573901,4,15000,2,730.186
r208,100,R2,QLEARNING,819573901,4,20000,2,730.186
r208,100,R2,QLEARNING,819573901,4,25000,2,730.186
r208,100,R2,QLEARNING,819565982,3,5000,2,754.212
r208,100,R2,QLEARNING,819565982,3,10000,2,732.576
r208,100,R2,QLEARNING,819565982,3,15000,2,732.576
r208,100,R2,QLEARNING,819565982,3,20000,2,732.576
r208,100,R2,QLEARNING,819565982,3,25000,2,732.576
r210,100,R2,QLEARNING,656031473,3,5000,3,970.364
r210,100,R2,QLEARNING,656031473,3,10000,3,967.21
r210,100,R2,QLEARNING,656031473,3,15000,3,952.458
r210,100,R2,QLEARNING,656031473,3,20000,3,950.662
r210,100,R2,QLEARNING,656031473,3,25000,3,950.24
r210,100,R2,CLASSIC,656015635,1,5000,3,956.876
r210,100,R2,CLASSIC,656015635,1,10000,3,944.794
r210,100,R2,CLASSIC,656015635,1,15000,3,944.794
r210,100,R2,CLASSIC,656015635,1,20000,3,944.794
r210,100,R2,CLASSIC,656015635,1,25000,3,944.794
r210,100,R2,CLASSIC,656086906,10,5000,3,973.599
r210,100,R2,CLASSIC,656086906,10,10000,3,965.046
r210,100,R2,CLASSIC,656086906,10,15000,3,965.046
r210,100,R2,CLASSIC,656086906,10,20000,3,965.046
r210,100,R2,CLASSIC,656086906,10,25000,3,965.046
r208,100,R2,QLEARNING,819621415,10,5000,2,729.018
r208,100,R2,QLEARNING,819621415,10,10000,2,727.687
r208,100,R2,QLEARNING,819621415,10,15000,2,727.687
r208,100,R2,QLEARNING,819621415,10,20000,2,727.687
r208,100,R2,QLEARNING,819621415,10,25000,2,727.687
r210,100,R2,CLASSIC,656031473,3,5000,3,988.216
r210,100,R2,CLASSIC,656031473,3,10000,3,943.089
r210,100,R2,CLASSIC,656031473,3,15000,3,943.089
r210,100,R2,CLASSIC,656031473,3,20000,3,943.089
r210,100,R2,CLASSIC,656031473,3,25000,3,943.089
r210,100,R2,CLASSIC,656071068,8,5000,3,973.957
r210,100,R2,CLASSIC,656071068,8,10000,3,967.997
r210,100,R2,CLASSIC,656071068,8,15000,3,966.643
r210,100,R2,CLASSIC,656071068,8,20000,3,966.643
r210,100,R2,CLASSIC,656071068,8,25000,3,965.521
r210,100,R2,CLASSIC,656047311,5,5000,3,982.611
r210,100,R2,CLASSIC,656047311,5,10000,3,957.454
r210,100,R2,CLASSIC,656047311,5,15000,3,950.536
r210,100,R2,CLASSIC,656047311,5,20000,3,946.518
r210,100,R2,CLASSIC,656047311,5,25000,3,946.518
r210,100,R2,CLASSIC,656063149,7,5000,3,973.712
r210,100,R2,CLASSIC,656063149,7,10000,3,966.152
r210,100,R2,CLASSIC,656063149,7,15000,3,966.152
r210,100,R2,CLASSIC,656063149,7,20000,3,966.152
r210,100,R2,CLASSIC,656063149,7,25000,3,966.152
r208,100,R2,QLEARNING,819605577,8,5000,2,742.277
r208,100,R2,QLEARNING,819605577,8,10000,2,740.498
r208,100,R2,QLEARNING,819605577,8,15000,2,734.482
r208,100,R2,QLEARNING,819605577,8,20000,2,726.823
r208,100,R2,QLEARNING,819605577,8,25000,2,726.823
rc101,100,RC1,CLASSIC,1200813146,1,5000,15,1654.83
rc101,100,RC1,CLASSIC,1200813146,1,10000,15,1648.88
rc101,100,RC1,CLASSIC,1200813146,1,15000,15,1645.61
rc101,100,RC1,CLASSIC,1200813146,1,20000,15,1644.73
rc101,100,RC1,CLASSIC,1200813146,1,25000,15,1644.73
r208,100,R2,QLEARNING,819613496,9,5000,2,747.217
r208,100,R2,QLEARNING,819613496,9,10000,2,738.489
r208,100,R2,QLEARNING,819613496,9,15000,2,736.703
r208,100,R2,QLEARNING,819613496,9,20000,2,728.011
r208,100,R2,QLEARNING,819613496,9,25000,2,727.687
r208,100,R2,CLASSIC,819597658,7,5000,2,735.736
r208,100,R2,CLASSIC,819597658,7,10000,2,732.701
r208,100,R2,CLASSIC,819597658,7,15000,2,732.153
r208,100,R2,CLASSIC,819597658,7,20000,2,732.153
r208,100,R2,CLASSIC,819597658,7,25000,2,732.153
rc101,100,RC1,CLASSIC,1200844822,5,5000,15,1642.29
rc101,100,RC1,CLASSIC,1200844822,5,10000,15,1642.29
rc101,100,RC1,CLASSIC,1200844822,5,15000,15,1642.29
rc101,100,RC1,CLASSIC,1200844822,5,20000,15,1642.29
rc101,100,RC1,CLASSIC,1200844822,5,25000,15,1642.29
r208,100,R2,CLASSIC,819613496,9,5000,2,744.561
r208,100,R2,CLASSIC,819613496,9,10000,2,736.168
r208,100,R2,CLASSIC,819613496,9,15000,2,736.168
r208,100,R2,CLASSIC,819613496,9,20000,2,736.039
r208,100,R2,CLASSIC,819613496,9,25000,2,736.039
r208,100,R2,CLASSIC,819581820,5,5000,2,743.334
r208,100,R2,CLASSIC,819581820,5,10000,2,740.471
r208,100,R2,CLASSIC,819581820,5,15000,2,740.471
r208,100,R2,CLASSIC,819581820,5,20000,2,740.091
r208,100,R2,CLASSIC,819581820,5,25000,2,740.091
r210,100,R2,CLASSIC,656078987,9,5000,3,981.06
r210,100,R2,CLASSIC,656078987,9,10000,3,970.919
r210,100,R2,CLASSIC,656078987,9,15000,3,969.105
r210,100,R2,CLASSIC,656078987,9,20000,3,969.105
r210,100,R2,CLASSIC,656078987,9,25000,3,967.256
r210,100,R2,CLASSIC,656055230,6,5000,3,956.008
r210,100,R2,CLASSIC,656055230,6,10000,3,956.008
r210,100,R2,CLASSIC,656055230,6,15000,3,956.008
r210,100,R2,CLASSIC,656055230,6,20000,3,953.101
r210,100,R2,CLASSIC,656055230,6,25000,3,953.101
rc101,100,RC1,CLASSIC,1200821065,2,5000,15,1656.11
rc101,100,RC1,CLASSIC,1200821065,2,10000,15,1655.66
rc101,100,RC1,CLASSIC,1200821065,2,15000,15,1655.66
rc101,100,RC1,CLASSIC,1200821065,2,20000,15,1655.66
rc101,100,RC1,CLASSIC,1200821065,2,25000,15,1646.26
r208,100,R2,CLASSIC,819621415,10,5000,2,737.911
r208,100,R2,CLASSIC,819621415,10,10000,2,735.107
r208,100,R2,CLASSIC,819621415,10,15000,2,735.107
r208,100,R2,CLASSIC,819621415,10,20000,2,735.107
r208,100,R2,CLASSIC,819621415,10,25000,2,735.107
rc101,100,RC1,CLASSIC,1200828984,3,5000,15,1647.87
rc101,100,RC1,CLASSIC,1200828984,3,10000,15,1647.87
rc101,100,RC1,CLASSIC,1200828984,3,15000,15,1645.05
rc101,100,RC1,CLASSIC,1200828984,3,20000,15,1641.51
rc101,100,RC1,CLASSIC,1200828984,3,25000,15,1641.51
rc101,100,RC1,QLEARNING,1200852741,6,5000,15,1645.41
rc101,100,RC1,QLEARNING,1200852741,6,10000,15,1645.41
rc101,100,RC1,QLEARNING,1200852741,6,15000,15,1645.41
rc101,100,RC1,QLEARNING,1200852741,6,20000,15,1645.41
rc101,100,RC1,QLEARNING,1200852741,6,25000,15,1639.97
rc101,100,RC1,CLASSIC,1200836903,4,5000,15,1647.21
rc101,100,RC1,CLASSIC,1200836903,4,10000,15,1647.21
rc101,100,RC1,CLASSIC,1200836903,4,15000,15,1646.1
rc101,100,RC1,CLASSIC,1200836903,4,20000,15,1639.37
rc101,100,RC1,CLASSIC,1200836903,4,25000,15,1639.37
r210,100,R2,QLEARNING,656047311,5,5000,3,968.383
r210,100,R2,QLEARNING,656047311,5,10000,3,966.926
r210,100,R2,QLEARNING,656047311,5,15000,3,966.926
r210,100,R2,QLEARNING,656047311,5,20000,3,952.261
r210,100,R2,QLEARNING,656047311,5,25000,3,949.597
rc101,100,RC1,CLASSIC,1200852741,6,5000,15,1667.87
rc101,100,RC1,CLASSIC,1200852741,6,10000,15,1653.77
rc101,100,RC1,CLASSIC,1200852741,6,15000,15,1653.77
rc101,100,RC1,CLASSIC,1200852741,6,20000,14,1698.82
rc101,100,RC1,CLASSIC,1200852741,6,25000,14,1698.82
r210,100,R2,QLEARNING,656055230,6,5000,3,971.544
r210,100,R2,QLEARNING,656055230,6,10000,3,965.089
r210,100,R2,QLEARNING,656055230,6,15000,3,965.089
r210,100,R2,QLEARNING,656055230,6,20000,3,964.127
r210,100,R2,QLEARNING,656055230,6,25000,3,964.127
rc101,100,RC1,QLEARNING,1200844822,5,5000,15,1679.02
rc101,100,RC1,QLEARNING,1200844822,5,10000,15,1653.79
rc101,100,RC1,QLEARNING,1200844822,5,15000,15,1641.2
rc101,100,RC1,QLEARNING,1200844822,5,20000,15,1641.2
rc101,100,RC1,QLEARNING,1200844822,5,25000,15,1641.2
rc101,100,RC1,QLEARNING,1200813146,1,5000,15,1667.01
rc101,100,RC1,QLEARNING,1200813146,1,10000,15,1662.37
rc101,100,RC1,QLEARNING,1200813146,1,15000,15,1640.57
rc101,100,RC1,QLEARNING,1200813146,1,20000,15,1638.36
rc101,100,RC1,QLEARNING,1200813146,1,25000,15,1638.36
r210,100,R2,QLEARNING,656023554,2,5000,3,957.843
r210,100,R2,QLEARNING,656023554,2,10000,3,957.843
r210,100,R2,QLEARNING,656023554,2,15000,3,957.843
r210,100,R2,QLEARNING,656023554,2,20000,3,954.536
r210,100,R2,QLEARNING,656023554,2,25000,3,954.399
rc101,100,RC1,QLEARNING,1200828984,3,5000,15,1643.87
rc101,100,RC1,QLEARNING,1200828984,3,10000,15,1643.87
rc101,100,RC1,QLEARNING,1200828984,3,15000,15,1637.0
rc101,100,RC1,QLEARNING,1200828984,3,20000,15,1637.0
rc101,100,RC1,QLEARNING,1200828984,3,25000,15,1637.0
r210,100,R2,QLEARNING,656086906,10,5000,3,957.461
r210,100,R2,QLEARNING,656086906,10,10000,3,957.461
r210,100,R2,QLEARNING,656086906,10,15000,3,957.461
r210,100,R2,QLEARNING,656086906,10,20000,3,957.461
r210,100,R2,QLEARNING,656086906,10,25000,3,954.121
rc101,100,RC1,CLASSIC,1200876498,9,5000,15,1656.25
rc101,100,RC1,CLASSIC,1200876498,9,10000,15,1644.0
rc101,100,RC1,CLASSIC,1200876498,9,15000,15,1639.2
rc101,100,RC1,CLASSIC,1200876498,9,20000,15,1638.36
rc101,100,RC1,CLASSIC,1200876498,9,25000,15,1638.36
rc101,100,RC1,CLASSIC,1200868579,8,5000,15,1699.82
rc101,100,RC1,CLASSIC,1200868579,8,10000,15,1653.35
rc101,100,RC1,CLASSIC,1200868579,8,15000,15,1650.66
rc101,100,RC1,CLASSIC,1200868579,8,20000,15,1650.66
rc101,100,RC1,CLASSIC,1200868579,8,25000,15,1649.7
rc101,100,RC1,CLASSIC,1200884417,10,5000,15,1654.91
rc101,100,RC1,CLASSIC,1200884417,10,10000,15,1643.64
rc101,100,RC1,CLASSIC,1200884417,10,15000,15,1643.64
rc101,100,RC1,CLASSIC,1200884417,10,20000,15,1642.82
rc101,100,RC1,CLASSIC,1200884417,10,25000,15,1642.82
rc101,100,RC1,QLEARNING,1200821065,2,5000,15,1650.83
rc101,100,RC1,QLEARNING,1200821065,2,10000,15,1641.47
rc101,100,RC1,QLEARNING,1200821065,2,15000,15,1639.31
rc101,100,RC1,QLEARNING,1200821065,2,20000,15,1639.31
rc101,100,RC1,QLEARNING,1200821065,2,25000,15,1639.31
r210,100,R2,QLEARNING,656039392,4,5000,3,986.301
r210,100,R2,QLEARNING,656039392,4,10000,3,969.232
r210,100,R2,QLEARNING,656039392,4,15000,3,954.014
r210,100,R2,QLEARNING,656039392,4,20000,3,946.549
r210,100,R2,QLEARNING,656039392,4,25000,3,942.639
rc101,100,RC1,CLASSIC,1200860660,7,5000,15,1665.36
rc101,100,RC1,CLASSIC,1200860660,7,10000,15,1653.71
rc101,100,RC1,CLASSIC,1200860660,7,15000,15,1643.87
rc101,100,RC1,CLASSIC,1200860660,7,20000,15,1637.83
rc101,100,RC1,CLASSIC,1200860660,7,25000,15,1637.83
r210,100,R2,QLEARNING,656078987,9,5000,3,983.833
r210,100,R2,QLEARNING,656078987,9,10000,3,962.464
r210,100,R2,QLEARNING,656078987,9,15000,3,962.464
r210,100,R2,QLEARNING,656078987,9,20000,3,949.275
r210,100,R2,QLEARNING,656078987,9,25000,3,948.495
rc101,100,RC1,QLEARNING,1200836903,4,5000,15,1645.98
rc101,100,RC1,QLEARNING,1200836903,4,10000,15,1645.98
rc101,100,RC1,QLEARNING,1200836903,4,15000,15,1645.98
rc101,100,RC1,QLEARNING,1200836903,4,20000,15,1641.57
rc101,100,RC1,QLEARNING,1200836903,4,25000,15,1641.57
rc101,100,RC1,QLEARNING,1200860660,7,5000,15,1642.99
rc101,100,RC1,QLEARNING,1200860660,7,10000,15,1642.99
rc101,100,RC1,QLEARNING,1200860660,7,15000,15,1641.14
rc101,100,RC1,QLEARNING,1200860660,7,20000,15,1640.69
rc101,100,RC1,QLEARNING,1200860660,7,25000,15,1640.69
r210,100,R2,QLEARNING,656063149,7,5000,3,977.428
r210,100,R2,QLEARNING,656063149,7,10000,3,943.459
r210,100,R2,QLEARNING,656063149,7,15000,3,941.933
r210,100,R2,QLEARNING,656063149,7,20000,3,940.446
r210,100,R2,QLEARNING,656063149,7,25000,3,940.446
rc101,100,RC1,QLEARNING,1200868579,8,5000,15,1644.13
rc101,100,RC1,QLEARNING,1200868579,8,10000,15,1644.13
rc101,100,RC1,QLEARNING,1200868579,8,15000,15,1643.4
rc101,100,RC1,QLEARNING,1200868579,8,20000,15,1636.62
rc101,100,RC1,QLEARNING,1200868579,8,25000,15,1636.62
r210,100,R2,QLEARNING,656071068,8,5000,3,966.051
r210,100,R2,QLEARNING,656071068,8,10000,3,960.543
r210,100,R2,QLEARNING,656071068,8,15000,3,947.882
r210,100,R2,QLEARNING,656071068,8,20000,3,947.882
r210,100,R2,QLEARNING,656071068,8,25000,3,947.882
rc101,100,RC1,QLEARNING,1200876498,9,5000,15,1638.34
rc101,100,RC1,QLEARNING,1200876498,9,10000,15,1638.34
rc101,100,RC1,QLEARNING,1200876498,9,15000,15,1638.34
rc101,100,RC1,QLEARNING,1200876498,9,20000,15,1636.88
rc101,100,RC1,QLEARNING,1200876498,9,25000,15,1636.88
rc101,100,RC1,QLEARNING,1200884417,10,5000,15,1648.79
rc101,100,RC1,QLEARNING,1200884417,10,10000,15,1641.41
rc101,100,RC1,QLEARNING,1200884417,10,15000,15,1641.41
rc101,100,RC1,QLEARNING,1200884417,10,20000,15,1641.41
rc101,100,RC1,QLEARNING,1200884417,10,25000,15,1635.24
rc102,100,RC1,CLASSIC,1587338846,6,5000,13,1532.38
rc102,100,RC1,CLASSIC,1587338846,6,10000,13,1510.25
rc102,100,RC1,CLASSIC,1587338846,6,15000,13,1507.58
rc102,100,RC1,CLASSIC,1587338846,6,20000,13,1507.58
rc102,100,RC1,CLASSIC,1587338846,6,25000,13,1495.69
rc102,100,RC1,CLASSIC,1587346765,7,5000,13,1509.33
rc102,100,RC1,CLASSIC,1587346765,7,10000,13,1493.85
rc102,100,RC1,CLASSIC,1587346765,7,15000,13,1493.85
rc102,100,RC1,CLASSIC,1587346765,7,20000,13,1493.85
rc102,100,RC1,CLASSIC,1587346765,7,25000,13,1493.85
rc102,100,RC1,CLASSIC,1587354684,8,5000,13,1551.01
rc102,100,RC1,CLASSIC,1587354684,8,10000,13,1488.51
rc102,100,RC1,CLASSIC,1587354684,8,15000,12,1558.16
rc102,100,RC1,CLASSIC,1587354684,8,20000,12,1558.16
rc102,100,RC1,CLASSIC,1587354684,8,25000,12,1558.16
rc102,100,RC1,CLASSIC,1587307170,2,5000,13,1526.17
rc102,100,RC1,CLASSIC,1587307170,2,10000,13,1487.35
rc102,100,RC1,CLASSIC,1587307170,2,15000,13,1487.35
rc102,100,RC1,CLASSIC,1587307170,2,20000,13,1485.27
rc102,100,RC1,CLASSIC,1587307170,2,25000,13,1485.27
rc102,100,RC1,QLEARNING,1587299251,1,5000,13,1505.11
rc102,100,RC1,QLEARNING,1587299251,1,10000,13,1499.97
rc102,100,RC1,QLEARNING,1587299251,1,15000,13,1499.85
rc102,100,RC1,QLEARNING,1587299251,1,20000,13,1499.85
rc102,100,RC1,QLEARNING,1587299251,1,25000,13,1492.15
rc102,100,RC1,CLASSIC,1587370522,10,5000,13,1533.56
rc102,100,RC1,CLASSIC,1587370522,10,10000,13,1504.94
rc102,100,RC1,CLASSIC,1587370522,10,15000,13,1496.4
rc102,100,RC1,CLASSIC,1587370522,10,20000,13,1495.57
rc102,100,RC1,CLASSIC,1587370522,10,25000,13,1488.83
r211,100,R2,CLASSIC,1344204692,2,5000,3,822.179
r211,100,R2,CLASSIC,1344204692,2,10000,3,810.792
r211,100,R2,CLASSIC,1344204692,2,15000,3,810.792
r211,100,R2,CLASSIC,1344204692,2,20000,3,797.774
r211,100,R2,CLASSIC,1344204692,2,25000,3,797.774
r211,100,R2,CLASSIC,1344220530,4,5000,3,836.046
r211,100,R2,CLASSIC,1344220530,4,10000,3,811.918
r211,100,R2,CLASSIC,1344220530,4,15000,3,811.918
r211,100,R2,CLASSIC,1344220530,4,20000,3,811.32
r211,100,R2,CLASSIC,1344220530,4,25000,3,801.355
rc102,100,RC1,QLEARNING,1587370522,10,5000,13,1495.41
rc102,100,RC1,QLEARNING,1587370522,10,10000,13,1480.55
rc102,100,RC1,QLEARNING,1587370522,10,15000,13,1480.55
rc102,100,RC1,QLEARNING,1587370522,10,20000,13,1480.55
rc102,100,RC1,QLEARNING,1587370522,10,25000,13,1480.55
r211,100,R2,QLEARNING,1344228449,5,5000,3,804.11
r211,100,R2,QLEARNING,1344228449,5,10000,3,794.679
r211,100,R2,QLEARNING,1344228449,5,15000,3,793.235
r211,100,R2,QLEARNING,1344228449,5,20000,3,792.461
r211,100,R2,QLEARNING,1344228449,5,25000,3,778.813
rc102,100,RC1,CLASSIC,1587299251,1,5000,13,1537.12
rc102,100,RC1,CLASSIC,1587299251,1,10000,13,1520.62
rc102,100,RC1,CLASSIC,1587299251,1,15000,13,1516.26
rc102,100,RC1,CLASSIC,1587299251,1,20000,13,1503.34
rc102,100,RC1,CLASSIC,1587299251,1,25000,13,1501.74
rc102,100,RC1,CLASSIC,1587323008,4,5000,13,1508.31
rc102,100,RC1,CLASSIC,1587323008,4,10000,13,1502.03
rc102,100,RC1,CLASSIC,1587323008,4,15000,13,1502.03
rc102,100,RC1,CLASSIC,1587323008,4,20000,13,1502.03
rc102,100,RC1,CLASSIC,1587323008,4,25000,12,1566.98
rc102,100,RC1,CLASSIC,1587330927,5,5000,13,1516.21
rc102,100,RC1,CLASSIC,1587330927,5,10000,13,1516.21
rc102,100,RC1,CLASSIC,1587330927,5,15000,13,1504.51
rc102,100,RC1,CLASSIC,1587330927,5,20000,13,1503.42
rc102,100,RC1,CLASSIC,1587330927,5,25000,13,1503.42
rc102,100,RC1,CLASSIC,1587315089,3,5000,13,1515.08
rc102,100,RC1,CLASSIC,1587315089,3,10000,13,1500.42
rc102,100,RC1,CLASSIC,1587315089,3,15000,13,1477.85
rc102,100,RC1,CLASSIC,1587315089,3,20000,13,1477.85
rc102,100,RC1,CLASSIC,1587315089,3,25000,13,1477.85
rc102,100,RC1,QLEARNING,1587346765,7,5000,13,1508.48
rc102,100,RC1,QLEARNING,1587346765,7,10000,13,1501.13
rc102,100,RC1,QLEARNING,1587346765,7,15000,13,1497.09
rc102,100,RC1,QLEARNING,1587346765,7,20000,13,1494.69
rc102,100,RC1,QLEARNING,1587346765,7,25000,13,1491.23
rc102,100,RC1,CLASSIC,1587362603,9,5000,13,1557.56
rc102,100,RC1,CLASSIC,1587362603,9,10000,13,1497.68
rc102,100,RC1,CLASSIC,1587362603,9,15000,13,1485.87
rc102,100,RC1,CLASSIC,1587362603,9,20000,13,1479.33
rc102,100,RC1,CLASSIC,1587362603,9,25000,13,1479.12
rc102,100,RC1,QLEARNING,1587354684,8,5000,13,1507.03
rc102,100,RC1,QLEARNING,1587354684,8,10000,13,1502.87
rc102,100,RC1,QLEARNING,1587354684,8,15000,13,1502.87
rc102,100,RC1,QLEARNING,1587354684,8,20000,13,1502.87
rc102,100,RC1,QLEARNING,1587354684,8,25000,13,1502.85
rc102,100,RC1,QLEARNING,1587315089,3,5000,13,1526.7
rc102,100,RC1,QLEARNING,1587315089,3,10000,13,1509.7
rc102,100,RC1,QLEARNING,1587315089,3,15000,13,1507.98
rc102,100,RC1,QLEARNING,1587315089,3,20000,12,1597.04
rc102,100,RC1,QLEARNING,1587315089,3,25000,12,1580.38
rc102,100,RC1,QLEARNING,1587338846,6,5000,13,1524.53
rc102,100,RC1,QLEARNING,1587338846,6,10000,13,1491.86
rc102,100,RC1,QLEARNING,1587338846,6,15000,13,1491.65
rc102,100,RC1,QLEARNING,1587338846,6,20000,13,1491.65
rc102,100,RC1,QLEARNING,1587338846,6,25000,13,1489.59
rc103,100,RC1,CLASSIC,698175779,3,5000,11,1311.66
rc103,100,RC1,CLASSIC,698175779,3,10000,11,1307.14
rc103,100,RC1,CLASSIC,698175779,3,15000,11,1296.05
rc103,100,RC1,CLASSIC,698175779,3,20000,11,1285.32
rc103,100,RC1,CLASSIC,698175779,3,25000,11,1285.32
rc102,100,RC1,QLEARNING,1587330927,5,5000,13,1505.01
rc102,100,RC1,QLEARNING,1587330927,5,10000,13,1490.57
rc102,100,RC1,QLEARNING,1587330927,5,15000,13,1490.57
rc102,100,RC1,QLEARNING,1587330927,5,20000,13,1490.37
rc102,100,RC1,QLEARNING,1587330927,5,25000,13,1490.37
r211,100,R2,QLEARNING,1344196773,1,5000,3,833.288
r211,100,R2,QLEARNING,1344196773,1,10000,3,791.403
r211,100,R2,QLEARNING,1344196773,1,15000,3,789.901
r211,100,R2,QLEARNING,1344196773,1,20000,3,789.901
r211,100,R2,QLEARNING,1344196773,1,25000,3,789.901
r211,100,R2,CLASSIC,1344212611,3,5000,3,836.921
r211,100,R2,CLASSIC,1344212611,3,10000,3,807.359
r211,100,R2,CLASSIC,1344212611,3,15000,3,807.359
r211,100,R2,CLASSIC,1344212611,3,20000,3,807.359
r211,100,R2,CLASSIC,1344212611,3,25000,3,807.359
rc102,100,RC1,QLEARNING,1587362603,9,5000,13,1497.02
rc102,100,RC1,QLEARNING,1587362603,9,10000,13,1493.72
rc102,100,RC1,QLEARNING,1587362603,9,15000,13,1493.72
rc102,100,RC1,QLEARNING,1587362603,9,20000,13,1492.68
rc102,100,RC1,QLEARNING,1587362603,9,25000,13,1492.68
rc103,100,RC1,CLASSIC,698199536,6,5000,11,1291.97
rc103,100,RC1,CLASSIC,698199536,6,10000,11,1291.92
rc103,100,RC1,CLASSIC,698199536,6,15000,11,1289.33
rc103,100,RC1,CLASSIC,698199536,6,20000,11,1287.13
rc103,100,RC1,CLASSIC,698199536,6,25000,11,1278.37
r211,100,R2,QLEARNING,1344204692,2,5000,3,813.621
r211,100,R2,QLEARNING,1344204692,2,10000,3,810.197
r211,100,R2,QLEARNING,1344204692,2,15000,3,810.067
r211,100,R2,QLEARNING,1344204692,2,20000,3,786.386
r211,100,R2,QLEARNING,1344204692,2,25000,3,786.386
r211,100,R2,QLEARNING,1344244287,7,5000,3,816.85
r211,100,R2,QLEARNING,1344244287,7,10000,3,790.8
r211,100,R2,QLEARNING,1344244287,7,15000,3,790.5
r211,100,R2,QLEARNING,1344244287,7,20000,3,789.59
r211,100,R2,QLEARNING,1344244287,7,25000,3,784.828
rc102,100,RC1,QLEARNING,1587307170,2,5000,13,1502.17
rc102,100,RC1,QLEARNING,1587307170,2,10000,13,1498.32
rc102,100,RC1,QLEARNING,1587307170,2,15000,13,1498.32
rc102,100,RC1,QLEARNING,1587307170,2,20000,13,1498.32
rc102,100,RC1,QLEARNING,1587307170,2,25000,13,1498.32
rc103,100,RC1,CLASSIC,698167860,2,5000,11,1274.11
rc103,100,RC1,CLASSIC,698167860,2,10000,11,1264.3
rc103,100,RC1,CLASSIC,698167860,2,15000,11,1264.3
rc103,100,RC1,CLASSIC,698167860,2,20000,11,1264.3
rc103,100,RC1,CLASSIC,698167860,2,25000,11,1264.3
rc103,100,RC1,QLEARNING,698207455,7,5000,11,1277.46
rc103,100,RC1,QLEARNING,698207455,7,10000,11,1273.02
rc103,100,RC1,QLEARNING,698207455,7,15000,11,1272.52
rc103,100,RC1,QLEARNING,698207455,7,20000,11,1272.52
rc103,100,RC1,QLEARNING,698207455,7,25000,11,1267.3
r211,100,R2,CLASSIC,1344268044,10,5000,3,831.119
r211,100,R2,CLASSIC,1344268044,10,10000,3,798.355
r211,100,R2,CLASSIC,1344268044,10,15000,3,798.355
r211,100,R2,CLASSIC,1344268044,10,20000,3,798.355
r211,100,R2,CLASSIC,1344268044,10,25000,3,798.355
rc103,100,RC1,QLEARNING,698231212,10,5000,11,1282.58
rc103,100,RC1,QLEARNING,698231212,10,10000,11,1281.33
rc103,100,RC1,QLEARNING,698231212,10,15000,11,1279.94
rc103,100,RC1,QLEARNING,698231212,10,20000,11,1279.94
rc103,100,RC1,QLEARNING,698231212,10,25000,11,1279.94
rc103,100,RC1,CLASSIC,698215374,8,5000,11,1337.17
rc103,100,RC1,CLASSIC,698215374,8,10000,11,1308.45
rc103,100,RC1,CLASSIC,698215374,8,15000,11,1297.16
rc103,100,RC1,CLASSIC,698215374,8,20000,11,1285.26
rc103,100,RC1,CLASSIC,698215374,8,25000,11,1279.37
rc103,100,RC1,QLEARNING,698159941,1,5000,11,1291.67
rc103,100,RC1,QLEARNING,698159941,1,10000,11,1288.95
rc103,100,RC1,QLEARNING,698159941,1,15000,11,1287.55
rc103,100,RC1,QLEARNING,698159941,1,20000,11,1282.6
rc103,100,RC1,QLEARNING,698159941,1,25000,11,1282.6
rc102,100,RC1,QLEARNING,1587323008,4,5000,13,1509.5
rc102,100,RC1,QLEARNING,1587323008,4,10000,13,1501.37
rc102,100,RC1,QLEARNING,1587323008,4,15000,13,1501.37
rc102,100,RC1,QLEARNING,1587323008,4,20000,13,1501.37
rc102,100,RC1,QLEARNING,1587323008,4,25000,13,1501.37
r211,100,R2,QLEARNING,1344236368,6,5000,3,819.184
r211,100,R2,QLEARNING,1344236368,6,10000,3,801.06
r211,100,R2,QLEARNING,1344236368,6,15000,3,800.892
r211,100,R2,QLEARNING,1344236368,6,20000,3,791.132
r211,100,R2,QLEARNING,1344236368,6,25000,3,783.079
r211,100,R2,CLASSIC,1344228449,5,5000,3,827.466
r211,100,R2,CLASSIC,1344228449,5,10000,3,815.295
r211,100,R2,CLASSIC,1344228449,5,15000,3,815.295
r211,100,R2,CLASSIC,1344228449,5,20000,3,815.295
r211,100,R2,CLASSIC,1344228449,5,25000,3,808.919
r211,100,R2,CLASSIC,1344196773,1,5000,3,826.466
r211,100,R2,CLASSIC,1344196773,1,10000,3,784.436
r211,100,R2,CLASSIC,1344196773,1,15000,3,784.436
r211,100,R2,CLASSIC,1344196773,1,20000,3,784.436
r211,100,R2,CLASSIC,1344196773,1,25000,3,784.436
rc103,100,RC1,QLEARNING,698183698,4,5000,11,1319.66
rc103,100,RC1,QLEARNING,698183698,4,10000,11,1279.32
rc103,100,RC1,QLEARNING,698183698,4,15000,11,1264.3
rc103,100,RC1,QLEARNING,698183698,4,20000,11,1264.3
rc103,100,RC1,QLEARNING,698183698,4,25000,11,1263.54
r211,100,R2,QLEARNING,1344212611,3,5000,3,794.416
r211,100,R2,QLEARNING,1344212611,3,10000,3,780.064
r211,100,R2,QLEARNING,1344212611,3,15000,3,777.857
r211,100,R2,QLEARNING,1344212611,3,20000,3,773.714
r211,100,R2,QLEARNING,1344212611,3,25000,3,773.166
r211,100,R2,QLEARNING,1344220530,4,5000,3,814.462
r211,100,R2,QLEARNING,1344220530,4,10000,3,795.346
r211,100,R2,QLEARNING,1344220530,4,15000,3,795.299
r211,100,R2,QLEARNING,1344220530,4,20000,3,795.299
r211,100,R2,QLEARNING,1344220530,4,25000,3,795.299
rc103,100,RC1,CLASSIC,698183698,4,5000,11,1343.0
rc103,100,RC1,CLASSIC,698183698,4,10000,11,1269.81
rc103,100,RC1,CLASSIC,698183698,4,15000,11,1269.81
rc103,100,RC1,CLASSIC,698183698,4,20000,11,1269.81
rc103,100,RC1,CLASSIC,698183698,4,25000,11,1269.81
rc103,100,RC1,QLEARNING,698175779,3,5000,11,1327.02
rc103,100,RC1,QLEARNING,698175779,3,10000,11,1290.56
rc103,100,RC1,QLEARNING,698175779,3,15000,11,1276.57
rc103,100,RC1,QLEARNING,698175779,3,20000,11,1276.44
rc103,100,RC1,QLEARNING,698175779,3,25000,11,1276.44
rc103,100,RC1,QLEARNING,698167860,2,5000,11,1276.75
rc103,100,RC1,QLEARNING,698167860,2,10000,11,1275.16
rc103,100,RC1,QLEARNING,698167860,2,15000,11,1275.16
rc103,100,RC1,QLEARNING,698167860,2,20000,11,1271.44
rc103,100,RC1,QLEARNING,698167860,2,25000,11,1271.44
rc103,100,RC1,QLEARNING,698215374,8,5000,11,1322.47
rc103,100,RC1,QLEARNING,698215374,8,10000,11,1317.26
rc103,100,RC1,QLEARNING,698215374,8,15000,11,1287.66
rc103,100,RC1,QLEARNING,698215374,8,20000,11,1276.19
rc103,100,RC1,QLEARNING,698215374,8,25000,11,1275.99
rc103,100,RC1,CLASSIC,698191617,5,5000,11,1304.1
rc103,100,RC1,CLASSIC,698191617,5,10000,11,1292.01
rc103,100,RC1,CLASSIC,698191617,5,15000,11,1291.54
rc103,100,RC1,CLASSIC,698191617,5,20000,11,1289.81
rc103,100,RC1,CLASSIC,698191617,5,25000,11,1289.81
r211,100,R2,QLEARNING,1344268044,10,5000,3,820.801
r211,100,R2,QLEARNING,1344268044,10,10000,3,806.37
r211,100,R2,QLEARNING,1344268044,10,15000,3,805.576
r211,100,R2,QLEARNING,1344268044,10,20000,3,805.576
r211,100,R2,QLEARNING,1344268044,10,25000,3,805.576
rc103,100,RC1,QLEARNING,698191617,5,5000,11,1282.18
rc103,100,RC1,QLEARNING,698191617,5,10000,11,1277.36
rc103,100,RC1,QLEARNING,698191617,5,15000,11,1277.36
rc103,100,RC1,QLEARNING,698191617,5,20000,11,1266.26
rc103,100,RC1,QLEARNING,698191617,5,25000,11,1264.3
rc103,100,RC1,CLASSIC,698223293,9,5000,11,1316.54
rc103,100,RC1,CLASSIC,698223293,9,10000,11,1273.51
rc103,100,RC1,CLASSIC,698223293,9,15000,11,1273.51
rc103,100,RC1,CLASSIC,698223293,9,20000,11,1267.11
rc103,100,RC1,CLASSIC,698223293,9,25000,11,1265.8
r211,100,R2,QLEARNING,1344260125,9,5000,3,805.87
r211,100,R2,QLEARNING,1344260125,9,10000,3,796.889
r211,100,R2,QLEARNING,1344260125,9,15000,3,780.433
r211,100,R2,QLEARNING,1344260125,9,20000,3,778.895
r211,100,R2,QLEARNING,1344260125,9,25000,3,778.895
rc103,100,RC1,QLEARNING,698199536,6,5000,11,1269.34
rc103,100,RC1,QLEARNING,698199536,6,10000,11,1267.11
rc103,100,RC1,QLEARNING,698199536,6,15000,11,1266.37
rc103,100,RC1,QLEARNING,698199536,6,20000,11,1266.37
rc103,100,RC1,QLEARNING,698199536,6,25000,11,1266.37
rc103,100,RC1,CLASSIC,698207455,7,5000,11,1338.51
rc103,100,RC1,CLASSIC,698207455,7,10000,11,1284.83
rc103,100,RC1,CLASSIC,698207455,7,15000,11,1284.83
rc103,100,RC1,CLASSIC,698207455,7,20000,11,1279.14
rc103,100,RC1,CLASSIC,698207455,7,25000,11,1279.14
rc104,100,RC1,CLASSIC,939056837,3,5000,10,1159.47
rc104,100,RC1,CLASSIC,939056837,3,10000,10,1158.43
rc104,100,RC1,CLASSIC,939056837,3,15000,10,1141.34
rc104,100,RC1,CLASSIC,939056837,3,20000,10,1141.34
rc104,100,RC1,CLASSIC,939056837,3,25000,10,1141.34
rc103,100,RC1,QLEARNING,698223293,9,5000,11,1332.65
rc103,100,RC1,QLEARNING,698223293,9,10000,11,1275.64
rc103,100,RC1,QLEARNING,698223293,9,15000,11,1265.8
rc103,100,RC1,QLEARNING,698223293,9,20000,11,1265.8
rc103,100,RC1,QLEARNING,698223293,9,25000,11,1265.8
r211,100,R2,QLEARNING,1344252206,8,5000,3,814.606
r211,100,R2,QLEARNING,1344252206,8,10000,3,814.606
r211,100,R2,QLEARNING,1344252206,8,15000,3,785.695
r211,100,R2,QLEARNING,1344252206,8,20000,3,783.033
r211,100,R2,QLEARNING,1344252206,8,25000,3,782.486
rc104,100,RC1,CLASSIC,939040999,1,5000,10,1160.07
rc104,100,RC1,CLASSIC,939040999,1,10000,10,1145.2
rc104,100,RC1,CLASSIC,939040999,1,15000,10,1145.2
rc104,100,RC1,CLASSIC,939040999,1,20000,10,1145.2
rc104,100,RC1,CLASSIC,939040999,1,25000,10,1145.2
r211,100,R2,CLASSIC,1344244287,7,5000,3,830.536
r211,100,R2,CLASSIC,1344244287,7,10000,3,821.927
r211,100,R2,CLASSIC,1344244287,7,15000,3,819.15
r211,100,R2,CLASSIC,1344244287,7,20000,3,816.023
r211,100,R2,CLASSIC,1344244287,7,25000,3,815.476
rc104,100,RC1,CLASSIC,939080594,6,5000,10,1173.51
rc104,100,RC1,CLASSIC,939080594,6,10000,10,1145.56
rc104,100,RC1,CLASSIC,939080594,6,15000,10,1145.02
rc104,100,RC1,CLASSIC,939080594,6,20000,10,1145.02
rc104,100,RC1,CLASSIC,939080594,6,25000,10,1145.02
rc103,100,RC1,CLASSIC,698231212,10,5000,11,1329.26
rc103,100,RC1,CLASSIC,698231212,10,10000,11,1282.44
rc103,100,RC1,CLASSIC,698231212,10,15000,11,1282.44
rc103,100,RC1,CLASSIC,698231212,10,20000,11,1281.05
rc103,100,RC1,CLASSIC,698231212,10,25000,11,1281.05
rc104,100,RC1,QLEARNING,939040999,1,5000,10,1156.9
rc104,100,RC1,QLEARNING,939040999,1,10000,10,1152.88
rc104,100,RC1,QLEARNING,939040999,1,15000,10,1141.85
rc104,100,RC1,QLEARNING,939040999,1,20000,10,1141.85
rc104,100,RC1,QLEARNING,939040999,1,25000,10,1141.85
rc104,100,RC1,QLEARNING,939048918,2,5000,10,1183.13
rc104,100,RC1,QLEARNING,939048918,2,10000,10,1181.91
rc104,100,RC1,QLEARNING,939048918,2,15000,10,1160.11
rc104,100,RC1,QLEARNING,939048918,2,20000,10,1151.37
rc104,100,RC1,QLEARNING,939048918,2,25000,10,1149.19
rc103,100,RC1,CLASSIC,698159941,1,5000,11,1330.49
rc103,100,RC1,CLASSIC,698159941,1,10000,11,1330.49
rc103,100,RC1,CLASSIC,698159941,1,15000,11,1291.85
rc103,100,RC1,CLASSIC,698159941,1,20000,11,1284.54
rc103,100,RC1,CLASSIC,698159941,1,25000,11,1280.15
rc104,100,RC1,CLASSIC,939048918,2,5000,10,1170.55
rc104,100,RC1,CLASSIC,939048918,2,10000,10,1165.71
rc104,100,RC1,CLASSIC,939048918,2,15000,10,1154.23
rc104,100,RC1,CLASSIC,939048918,2,20000,10,1154.23
rc104,100,RC1,CLASSIC,939048918,2,25000,10,1151.79
rc104,100,RC1,QLEARNING,939064756,4,5000,10,1154.56
rc104,100,RC1,QLEARNING,939064756,4,10000,10,1142.72
rc104,100,RC1,QLEARNING,939064756,4,15000,10,1142.72
rc104,100,RC1,QLEARNING,939064756,4,20000,10,1139.9
rc104,100,RC1,QLEARNING,939064756,4,25000,10,1139.9
rc105,100,RC1,CLASSIC,1090530317,5,5000,14,1571.91
rc105,100,RC1,CLASSIC,1090530317,5,10000,14,1570.59
rc105,100,RC1,CLASSIC,1090530317,5,15000,14,1570.47
rc105,100,RC1,CLASSIC,1090530317,5,20000,14,1559.57
rc105,100,RC1,CLASSIC,1090530317,5,25000,14,1559.57
r211,100,R2,CLASSIC,1344236368,6,5000,3,824.556
r211,100,R2,CLASSIC,1344236368,6,10000,3,798.31
r211,100,R2,CLASSIC,1344236368,6,15000,3,798.31
r211,100,R2,CLASSIC,1344236368,6,20000,3,798.31
r211,100,R2,CLASSIC,1344236368,6,25000,3,798.31
rc104,100,RC1,QLEARNING,939056837,3,5000,10,1153.03
rc104,100,RC1,QLEARNING,939056837,3,10000,10,1152.05
rc104,100,RC1,QLEARNING,939056837,3,15000,10,1149.24
rc104,100,RC1,QLEARNING,939056837,3,20000,10,1146.34
rc104,100,RC1,QLEARNING,939056837,3,25000,10,1146.34
rc104,100,RC1,CLASSIC,939104351,9,5000,10,1168.82
rc104,100,RC1,CLASSIC,939104351,9,10000,10,1166.58
rc104,100,RC1,CLASSIC,939104351,9,15000,10,1163.09
rc104,100,RC1,CLASSIC,939104351,9,20000,10,1159.34
rc104,100,RC1,CLASSIC,939104351,9,25000,10,1157.7
rc104,100,RC1,CLASSIC,939064756,4,5000,10,1151.05
rc104,100,RC1,CLASSIC,939064756,4,10000,10,1149.19
rc104,100,RC1,CLASSIC,939064756,4,15000,10,1149.19
rc104,100,RC1,CLASSIC,939064756,4,20000,10,1149.19
rc104,100,RC1,CLASSIC,939064756,4,25000,10,1146.74
r211,100,R2,CLASSIC,1344252206,8,5000,3,819.434
r211,100,R2,CLASSIC,1344252206,8,10000,3,819.434
r211,100,R2,CLASSIC,1344252206,8,15000,3,818.757
r211,100,R2,CLASSIC,1344252206,8,20000,3,808.975
r211,100,R2,CLASSIC,1344252206,8,25000,3,801.58
rc104,100,RC1,CLASSIC,939096432,8,5000,10,1180.13
rc104,100,RC1,CLASSIC,939096432,8,10000,10,1167.5
rc104,100,RC1,CLASSIC,939096432,8,15000,10,1161.65
rc104,100,RC1,CLASSIC,939096432,8,20000,10,1156.9
rc104,100,RC1,CLASSIC,939096432,8,25000,10,1150.57
r211,100,R2,CLASSIC,1344260125,9,5000,3,803.925
r211,100,R2,CLASSIC,1344260125,9,10000,3,803.765
r211,100,R2,CLASSIC,1344260125,9,15000,3,802.936
r211,100,R2,CLASSIC,1344260125,9,20000,3,802.936
r211,100,R2,CLASSIC,1344260125,9,25000,3,802.936
rc105,100,RC1,CLASSIC,1090538236,6,5000,14,1555.18
rc105,100,RC1,CLASSIC,1090538236,6,10000,14,1548.53
rc105,100,RC1,CLASSIC,1090538236,6,15000,14,1548.53
rc105,100,RC1,CLASSIC,1090538236,6,20000,14,1548.53
rc105,100,RC1,CLASSIC,1090538236,6,25000,14,1548.53
rc104,100,RC1,CLASSIC,939112270,10,5000,10,1180.57
rc104,100,RC1,CLASSIC,939112270,10,10000,10,1175.74
rc104,100,RC1,CLASSIC,939112270,10,15000,10,1171.44
rc104,100,RC1,CLASSIC,939112270,10,20000,10,1171.44
rc104,100,RC1,CLASSIC,939112270,10,25000,10,1171.44
rc105,100,RC1,CLASSIC,1090506560,2,5000,14,1564.84
rc105,100,RC1,CLASSIC,1090506560,2,10000,14,1554.93
rc105,100,RC1,CLASSIC,1090506560,2,15000,14,1554.93
rc105,100,RC1,CLASSIC,1090506560,2,20000,14,1545.49
rc105,100,RC1,CLASSIC,1090506560,2,25000,14,1544.4
rc105,100,RC1,CLASSIC,1090569912,10,5000,14,1572.75
rc105,100,RC1,CLASSIC,1090569912,10,10000,14,1562.98
rc105,100,RC1,CLASSIC,1090569912,10,15000,14,1562.98
rc105,100,RC1,CLASSIC,1090569912,10,20000,14,1562.98
rc105,100,RC1,CLASSIC,1090569912,10,25000,14,1560.69
rc104,100,RC1,QLEARNING,939104351,9,5000,10,1148.48
rc104,100,RC1,QLEARNING,939104351,9,10000,10,1144.9
rc104,100,RC1,QLEARNING,939104351,9,15000,10,1141.28
rc104,100,RC1,QLEARNING,939104351,9,20000,10,1139.65
rc104,100,RC1,QLEARNING,939104351,9,25000,10,1139.65
rc104,100,RC1,QLEARNING,939080594,6,5000,10,1156.39
rc104,100,RC1,QLEARNING,939080594,6,10000,10,1156.39
rc104,100,RC1,QLEARNING,939080594,6,15000,10,1151.25
rc104,100,RC1,QLEARNING,939080594,6,20000,10,1150.44
rc104,100,RC1,QLEARNING,939080594,6,25000,10,1146.61
rc105,100,RC1,QLEARNING,1090546155,7,5000,14,1558.51
rc105,100,RC1,QLEARNING,1090546155,7,10000,14,1554.25
rc105,100,RC1,QLEARNING,1090546155,7,15000,14,1551.3
rc105,100,RC1,QLEARNING,1090546155,7,20000,14,1551.3
rc105,100,RC1,QLEARNING,1090546155,7,25000,14,1551.3
rc105,100,RC1,CLASSIC,1090514479,3,5000,14,1585.58
rc105,100,RC1,CLASSIC,1090514479,3,10000,14,1569.19
rc105,100,RC1,CLASSIC,1090514479,3,15000,14,1566.71
rc105,100,RC1,CLASSIC,1090514479,3,20000,14,1565.95
rc105,100,RC1,CLASSIC,1090514479,3,25000,14,1565.4
rc105,100,RC1,QLEARNING,1090506560,2,5000,14,1565.4
rc105,100,RC1,QLEARNING,1090506560,2,10000,14,1563.47
rc105,100,RC1,QLEARNING,1090506560,2,15000,14,1562.63
rc105,100,RC1,QLEARNING,1090506560,2,20000,14,1555.38
rc105,100,RC1,QLEARNING,1090506560,2,25000,14,1555.38
rc105,100,RC1,CLASSIC,1090498641,1,5000,14,1558.66
rc105,100,RC1,CLASSIC,1090498641,1,10000,14,1558.61
rc105,100,RC1,CLASSIC,1090498641,1,15000,14,1558.61
rc105,100,RC1,CLASSIC,1090498641,1,20000,14,1558.61
rc105,100,RC1,CLASSIC,1090498641,1,25000,14,1558.61
rc104,100,RC1,QLEARNING,939096432,8,5000,10,1156.75
rc104,100,RC1,QLEARNING,939096432,8,10000,10,1152.9
rc104,100,RC1,QLEARNING,939096432,8,15000,10,1149.32
rc104,100,RC1,QLEARNING,939096432,8,20000,10,1148.15
rc104,100,RC1,QLEARNING,939096432,8,25000,10,1146.94
rc105,100,RC1,CLASSIC,1090522398,4,5000,14,1565.34
rc105,100,RC1,CLASSIC,1090522398,4,10000,14,1565.34
rc105,100,RC1,CLASSIC,1090522398,4,15000,14,1561.68
rc105,100,RC1,CLASSIC,1090522398,4,20000,14,1561.68
rc105,100,RC1,CLASSIC,1090522398,4,25000,14,1561.68
rc105,100,RC1,QLEARNING,1090514479,3,5000,14,1582.39
rc105,100,RC1,QLEARNING,1090514479,3,10000,14,1572.96
rc105,100,RC1,QLEARNING,1090514479,3,15000,14,1572.96
rc105,100,RC1,QLEARNING,1090514479,3,20000,14,1557.6
rc105,100,RC1,QLEARNING,1090514479,3,25000,14,1547.6
rc104,100,RC1,QLEARNING,939072675,5,5000,10,1160.34
rc104,100,RC1,QLEARNING,939072675,5,10000,10,1159.92
rc104,100,RC1,QLEARNING,939072675,5,15000,10,1153.9
rc104,100,RC1,QLEARNING,939072675,5,20000,10,1152.15
rc104,100,RC1,QLEARNING,939072675,5,25000,10,1151.96
rc105,100,RC1,CLASSIC,1090546155,7,5000,14,1587.58
rc105,100,RC1,CLASSIC,1090546155,7,10000,14,1560.02
rc105,100,RC1,CLASSIC,1090546155,7,15000,14,1560.02
rc105,100,RC1,CLASSIC,1090546155,7,20000,14,1560.02
rc105,100,RC1,CLASSIC,1090546155,7,25000,14,1560.02
rc106,100,RC1,QLEARNING,1509334697,2,5000,13,1406.24
rc106,100,RC1,QLEARNING,1509334697,2,10000,13,1406.24
rc106,100,RC1,QLEARNING,1509334697,2,15000,12,1414.95
rc106,100,RC1,QLEARNING,1509334697,2,20000,12,1404.83
rc106,100,RC1,QLEARNING,1509334697,2,25000,12,1404.83
rc105,100,RC1,CLASSIC,1090561993,9,5000,14,1570.13
rc105,100,RC1,CLASSIC,1090561993,9,10000,14,1568.17
rc105,100,RC1,CLASSIC,1090561993,9,15000,14,1568.17
rc105,100,RC1,CLASSIC,1090561993,9,20000,14,1567.96
rc105,100,RC1,CLASSIC,1090561993,9,25000,14,1567.96
rc104,100,RC1,CLASSIC,939088513,7,5000,10,1148.13
rc104,100,RC1,CLASSIC,939088513,7,10000,10,1148.1
rc104,100,RC1,CLASSIC,939088513,7,15000,10,1148.1
rc104,100,RC1,CLASSIC,939088513,7,20000,10,1148.1
rc104,100,RC1,CLASSIC,939088513,7,25000,10,1148.1
rc105,100,RC1,QLEARNING,1090569912,10,5000,14,1579.84
rc105,100,RC1,QLEARNING,1090569912,10,10000,14,1557.56
rc105,100,RC1,QLEARNING,1090569912,10,15000,14,1555.5
rc105,100,RC1,QLEARNING,1090569912,10,20000,14,1554.74
rc105,100,RC1,QLEARNING,1090569912,10,25000,14,1554.69
rc105,100,RC1,CLASSIC,1090554074,8,5000,14,1591.2
rc105,100,RC1,CLASSIC,1090554074,8,10000,14,1566.78
rc105,100,RC1,CLASSIC,1090554074,8,15000,14,1564.79
rc105,100,RC1,CLASSIC,1090554074,8,20000,14,1560.5
rc105,100,RC1,CLASSIC,1090554074,8,25000,14,1560.45
rc105,100,RC1,QLEARNING,1090498641,1,5000,14,1563.65
rc105,100,RC1,QLEARNING,1090498641,1,10000,14,1556.58
rc105,100,RC1,QLEARNING,1090498641,1,15000,14,1546.15
rc105,100,RC1,QLEARNING,1090498641,1,20000,14,1546.15
rc105,100,RC1,QLEARNING,1090498641,1,25000,13,1664.0
rc104,100,RC1,CLASSIC,939072675,5,5000,10,1149.3
rc104,100,RC1,CLASSIC,939072675,5,10000,10,1144.92
rc104,100,RC1,CLASSIC,939072675,5,15000,10,1144.92
rc104,100,RC1,CLASSIC,939072675,5,20000,10,1144.92
rc104,100,RC1,CLASSIC,939072675,5,25000,10,1144.18
rc104,100,RC1,QLEARNING,939112270,10,5000,10,1157.69
rc104,100,RC1,QLEARNING,939112270,10,10000,10,1154.12
rc104,100,RC1,QLEARNING,939112270,10,15000,10,1148.7
rc104,100,RC1,QLEARNING,939112270,10,20000,10,1148.7
rc104,100,RC1,QLEARNING,939112270,10,25000,10,1148.7
rc104,100,RC1,QLEARNING,939088513,7,5000,10,1150.09
rc104,100,RC1,QLEARNING,939088513,7,10000,10,1150.06
rc104,100,RC1,QLEARNING,939088513,7,15000,10,1148.19
rc104,100,RC1,QLEARNING,939088513,7,20000,10,1148.19
rc104,100,RC1,QLEARNING,939088513,7,25000,10,1143.05
rc105,100,RC1,QLEARNING,1090538236,6,5000,14,1559.85
rc105,100,RC1,QLEARNING,1090538236,6,10000,14,1554.52
rc105,100,RC1,QLEARNING,1090538236,6,15000,14,1549.14
rc105,100,RC1,QLEARNING,1090538236,6,20000,14,1549.14
rc105,100,RC1,QLEARNING,1090538236,6,25000,14,1549.14
rc105,100,RC1,QLEARNING,1090530317,5,5000,14,1568.75
rc105,100,RC1,QLEARNING,1090530317,5,10000,14,1554.69
rc105,100,RC1,QLEARNING,1090530317,5,15000,14,1554.69
rc105,100,RC1,QLEARNING,1090530317,5,20000,14,1544.89
rc105,100,RC1,QLEARNING,1090530317,5,25000,14,1542.27
rc106,100,RC1,CLASSIC,1509382211,8,5000,12,1468.97
rc106,100,RC1,CLASSIC,1509382211,8,10000,12,1389.57
rc106,100,RC1,CLASSIC,1509382211,8,15000,12,1388.09
rc106,100,RC1,CLASSIC,1509382211,8,20000,12,1388.09
rc106,100,RC1,CLASSIC,1509382211,8,25000,12,1385.92
rc106,100,RC1,CLASSIC,1509326778,1,5000,12,1447.93
rc106,100,RC1,CLASSIC,1509326778,1,10000,12,1446.86
rc106,100,RC1,CLASSIC,1509326778,1,15000,12,1443.83
rc106,100,RC1,CLASSIC,1509326778,1,20000,12,1426.17
rc106,100,RC1,CLASSIC,1509326778,1,25000,12,1408.48
rc105,100,RC1,QLEARNING,1090554074,8,5000,14,1565.08
rc105,100,RC1,QLEARNING,1090554074,8,10000,14,1562.57
rc105,100,RC1,QLEARNING,1090554074,8,15000,14,1560.91
rc105,100,RC1,QLEARNING,1090554074,8,20000,14,1559.13
rc105,100,RC1,QLEARNING,1090554074,8,25000,14,1553.27
rc106,100,RC1,QLEARNING,1509366373,6,5000,12,1406.83
rc106,100,RC1,QLEARNING,1509366373,6,10000,12,1405.14
rc106,100,RC1,QLEARNING,1509366373,6,15000,12,1393.5
rc106,100,RC1,QLEARNING,1509366373,6,20000,12,1393.5
rc106,100,RC1,QLEARNING,1509366373,6,25000,12,1391.25
rc106,100,RC1,CLASSIC,1509350535,4,5000,12,1425.51
rc106,100,RC1,CLASSIC,1509350535,4,10000,12,1421.33
rc106,100,RC1,CLASSIC,1509350535,4,15000,12,1407.0
rc106,100,RC1,CLASSIC,1509350535,4,20000,12,1403.41
rc106,100,RC1,CLASSIC,1509350535,4,25000,12,1403.3
rc106,100,RC1,CLASSIC,1509390130,9,5000,12,1441.48
rc106,100,RC1,CLASSIC,1509390130,9,10000,12,1404.32
rc106,100,RC1,CLASSIC,1509390130,9,15000,12,1398.55
rc106,100,RC1,CLASSIC,1509390130,9,20000,12,1398.55
rc106,100,RC1,CLASSIC,1509390130,9,25000,12,1398.55
rc105,100,RC1,QLEARNING,1090522398,4,5000,14,1572.33
rc105,100,RC1,QLEARNING,1090522398,4,10000,14,1561.77
rc105,100,RC1,QLEARNING,1090522398,4,15000,14,1555.97
rc105,100,RC1,QLEARNING,1090522398,4,20000,14,1555.97
rc105,100,RC1,QLEARNING,1090522398,4,25000,14,1555.97
rc106,100,RC1,CLASSIC,1509374292,7,5000,13,1426.94
rc106,100,RC1,CLASSIC,1509374292,7,10000,12,1386.79
rc106,100,RC1,CLASSIC,1509374292,7,15000,12,1386.79
rc106,100,RC1,CLASSIC,1509374292,7,20000,12,1386.79
rc106,100,RC1,CLASSIC,1509374292,7,25000,12,1386.79
rc106,100,RC1,QLEARNING,1509342616,3,5000,12,1428.61
rc106,100,RC1,QLEARNING,1509342616,3,10000,12,1398.82
rc106,100,RC1,QLEARNING,1509342616,3,15000,12,1398.82
rc106,100,RC1,QLEARNING,1509342616,3,20000,12,1395.73
rc106,100,RC1,QLEARNING,1509342616,3,25000,12,1395.73
rc106,100,RC1,CLASSIC,1509334697,2,5000,13,1441.04
rc106,100,RC1,CLASSIC,1509334697,2,10000,12,1411.05
rc106,100,RC1,CLASSIC,1509334697,2,15000,12,1398.55
rc106,100,RC1,CLASSIC,1509334697,2,20000,12,1391.55
rc106,100,RC1,CLASSIC,1509334697,2,25000,12,1390.42
rc106,100,RC1,QLEARNING,1509390130,9,5000,12,1425.0
rc106,100,RC1,QLEARNING,1509390130,9,10000,12,1407.67
rc106,100,RC1,QLEARNING,1509390130,9,15000,12,1385.56
rc106,100,RC1,QLEARNING,1509390130,9,20000,12,1385.56
rc106,100,RC1,QLEARNING,1509390130,9,25000,12,1385.56
rc105,100,RC1,QLEARNING,1090561993,9,5000,14,1564.06
rc105,100,RC1,QLEARNING,1090561993,9,10000,14,1553.64
rc105,100,RC1,QLEARNING,1090561993,9,15000,14,1553.64
rc105,100,RC1,QLEARNING,1090561993,9,20000,14,1553.64
rc105,100,RC1,QLEARNING,1090561993,9,25000,14,1553.64
rc106,100,RC1,CLASSIC,1509342616,3,5000,13,1448.18
rc106,100,RC1,CLASSIC,1509342616,3,10000,12,1442.35
rc106,100,RC1,CLASSIC,1509342616,3,15000,12,1438.23
rc106,100,RC1,CLASSIC,1509342616,3,20000,12,1424.55
rc106,100,RC1,CLASSIC,1509342616,3,25000,12,1419.17
rc106,100,RC1,QLEARNING,1509326778,1,5000,12,1425.09
rc106,100,RC1,QLEARNING,1509326778,1,10000,12,1419.86
rc106,100,RC1,QLEARNING,1509326778,1,15000,12,1410.68
rc106,100,RC1,QLEARNING,1509326778,1,20000,12,1395.06
rc106,100,RC1,QLEARNING,1509326778,1,25000,12,1395.06
rc106,100,RC1,CLASSIC,1509398049,10,5000,13,1449.65
rc106,100,RC1,CLASSIC,1509398049,10,10000,12,1434.95
rc106,100,RC1,CLASSIC,1509398049,10,15000,12,1423.15
rc106,100,RC1,CLASSIC,1509398049,10,20000,12,1422.34
rc106,100,RC1,CLASSIC,1509398049,10,25000,12,1418.24
rc106,100,RC1,CLASSIC,1509366373,6,5000,12,1418.92
rc106,100,RC1,CLASSIC,1509366373,6,10000,12,1405.53
rc106,100,RC1,CLASSIC,1509366373,6,15000,12,1405.53
rc106,100,RC1,CLASSIC,1509366373,6,20000,12,1405.53
rc106,100,RC1,CLASSIC,1509366373,6,25000,12,1403.79
rc106,100,RC1,QLEARNING,1509350535,4,5000,13,1413.81
rc106,100,RC1,QLEARNING,1509350535,4,10000,12,1435.59
rc106,100,RC1,QLEARNING,1509350535,4,15000,12,1426.54
rc106,100,RC1,QLEARNING,1509350535,4,20000,12,1400.4
rc106,100,RC1,QLEARNING,1509350535,4,25000,12,1400.4
rc106,100,RC1,CLASSIC,1509358454,5,5000,12,1434.03
rc106,100,RC1,CLASSIC,1509358454,5,10000,12,1416.04
rc106,100,RC1,CLASSIC,1509358454,5,15000,12,1415.55
rc106,100,RC1,CLASSIC,1509358454,5,20000,12,1415.55
rc106,100,RC1,CLASSIC,1509358454,5,25000,12,1412.19
rc106,100,RC1,QLEARNING,1509382211,8,5000,12,1450.23
rc106,100,RC1,QLEARNING,1509382211,8,10000,12,1426.77
rc106,100,RC1,QLEARNING,1509382211,8,15000,12,1405.29
rc106,100,RC1,QLEARNING,1509382211,8,20000,12,1401.07
rc106,100,RC1,QLEARNING,1509382211,8,25000,12,1401.07
rc107,100,RC1,QLEARNING,787574299,2,5000,11,1262.08
rc107,100,RC1,QLEARNING,787574299,2,10000,11,1262.08
rc107,100,RC1,QLEARNING,787574299,2,15000,11,1257.97
rc107,100,RC1,QLEARNING,787574299,2,20000,11,1255.48
rc107,100,RC1,QLEARNING,787574299,2,25000,11,1255.48
rc106,100,RC1,QLEARNING,1509358454,5,5000,12,1433.89
rc106,100,RC1,QLEARNING,1509358454,5,10000,12,1397.07
rc106,100,RC1,QLEARNING,1509358454,5,15000,12,1390.84
rc106,100,RC1,QLEARNING,1509358454,5,20000,12,1389.85
rc106,100,RC1,QLEARNING,1509358454,5,25000,12,1389.85
rc106,100,RC1,QLEARNING,1509398049,10,5000,13,1428.38
rc106,100,RC1,QLEARNING,1509398049,10,10000,12,1420.28
rc106,100,RC1,QLEARNING,1509398049,10,15000,12,1388.05
rc106,100,RC1,QLEARNING,1509398049,10,20000,12,1386.79
rc106,100,RC1,QLEARNING,1509398049,10,25000,12,1386.79
rc107,100,RC1,CLASSIC,787582218,3,5000,12,1281.34
rc107,100,RC1,CLASSIC,787582218,3,10000,11,1291.53
rc107,100,RC1,CLASSIC,787582218,3,15000,11,1273.48
rc107,100,RC1,CLASSIC,787582218,3,20000,11,1261.13
rc107,100,RC1,CLASSIC,787582218,3,25000,11,1261.13
rc107,100,RC1,QLEARNING,787598056,5,5000,11,1271.43
rc107,100,RC1,QLEARNING,787598056,5,10000,11,1271.43
rc107,100,RC1,QLEARNING,787598056,5,15000,11,1258.62
rc107,100,RC1,QLEARNING,787598056,5,20000,11,1258.62
rc107,100,RC1,QLEARNING,787598056,5,25000,11,1256.43
rc107,100,RC1,QLEARNING,787605975,6,5000,12,1278.77
rc107,100,RC1,QLEARNING,787605975,6,10000,11,1249.38
rc107,100,RC1,QLEARNING,787605975,6,15000,11,1249.38
rc107,100,RC1,QLEARNING,787605975,6,20000,11,1249.38
rc107,100,RC1,QLEARNING,787605975,6,25000,11,1249.38
rc106,100,RC1,QLEARNING,1509374292,7,5000,12,1433.98
rc106,100,RC1,QLEARNING,1509374292,7,10000,12,1416.43
rc106,100,RC1,QLEARNING,1509374292,7,15000,12,1403.0
rc106,100,RC1,QLEARNING,1509374292,7,20000,12,1403.0
rc106,100,RC1,QLEARNING,1509374292,7,25000,12,1403.0
rc107,100,RC1,CLASSIC,787574299,2,5000,12,1292.84
rc107,100,RC1,CLASSIC,787574299,2,10000,12,1285.2
rc107,100,RC1,CLASSIC,787574299,2,15000,11,1284.73
rc107,100,RC1,CLASSIC,787574299,2,20000,11,1276.26
rc107,100,RC1,CLASSIC,787574299,2,25000,11,1276.26
rc107,100,RC1,CLASSIC,787566380,1,5000,11,1324.51
rc107,100,RC1,CLASSIC,787566380,1,10000,11,1278.54
rc107,100,RC1,CLASSIC,787566380,1,15000,11,1276.34
rc107,100,RC1,CLASSIC,787566380,1,20000,11,1271.59
rc107,100,RC1,CLASSIC,787566380,1,25000,11,1267.44
rc107,100,RC1,CLASSIC,787637651,10,5000,11,1283.72
rc107,100,RC1,CLASSIC,787637651,10,10000,11,1265.12
rc107,100,RC1,CLASSIC,787637651,10,15000,11,1257.64
rc107,100,RC1,CLASSIC,787637651,10,20000,11,1257.6
rc107,100,RC1,CLASSIC,787637651,10,25000,11,1250.51
rc108,100,RC1,CLASSIC,1045334957,2,5000,11,1177.78
rc108,100,RC1,CLASSIC,1045334957,2,10000,11,1160.01
rc108,100,RC1,CLASSIC,1045334957,2,15000,11,1147.13
rc108,100,RC1,CLASSIC,1045334957,2,20000,10,1149.36
rc108,100,RC1,CLASSIC,1045334957,2,25000,10,1145.62
rc107,100,RC1,QLEARNING,787566380,1,5000,11,1267.39
rc107,100,RC1,QLEARNING,787566380,1,10000,11,1266.03
rc107,100,RC1,QLEARNING,787566380,1,15000,11,1246.41
rc107,100,RC1,QLEARNING,787566380,1,20000,11,1246.41
rc107,100,RC1,QLEARNING,787566380,1,25000,11,1246.41
rc107,100,RC1,CLASSIC,787598056,5,5000,11,1317.77
rc107,100,RC1,CLASSIC,787598056,5,10000,11,1276.92
rc107,100,RC1,CLASSIC,787598056,5,15000,11,1276.92
rc107,100,RC1,CLASSIC,787598056,5,20000,11,1276.92
rc107,100,RC1,CLASSIC,787598056,5,25000,11,1276.92
rc107,100,RC1,CLASSIC,787590137,4,5000,11,1299.06
rc107,100,RC1,CLASSIC,787590137,4,10000,11,1249.72
rc107,100,RC1,CLASSIC,787590137,4,15000,11,1249.72
rc107,100,RC1,CLASSIC,787590137,4,20000,11,1249.72
rc107,100,RC1,CLASSIC,787590137,4,25000,11,1249.72
rc108,100,RC1,QLEARNING,1045342876,3,5000,11,1186.92
rc108,100,RC1,QLEARNING,1045342876,3,10000,11,1144.87
rc108,100,RC1,QLEARNING,1045342876,3,15000,11,1144.87
rc108,100,RC1,QLEARNING,1045342876,3,20000,10,1162.58
rc108,100,RC1,QLEARNING,1045342876,3,25000,10,1159.06
rc107,100,RC1,QLEARNING,787582218,3,5000,11,1258.44
rc107,100,RC1,QLEARNING,787582218,3,10000,11,1255.05
rc107,100,RC1,QLEARNING,787582218,3,15000,11,1249.92
rc107,100,RC1,QLEARNING,787582218,3,20000,11,1249.92
rc107,100,RC1,QLEARNING,787582218,3,25000,11,1249.92
rc107,100,RC1,CLASSIC,787613894,7,5000,11,1267.81
rc107,100,RC1,CLASSIC,787613894,7,10000,11,1267.22
rc107,100,RC1,CLASSIC,787613894,7,15000,11,1262.35
rc107,100,RC1,CLASSIC,787613894,7,20000,11,1255.89
rc107,100,RC1,CLASSIC,787613894,7,25000,11,1253.54
rc107,100,RC1,QLEARNING,787629732,9,5000,11,1266.13
rc107,100,RC1,QLEARNING,787629732,9,10000,11,1247.11
rc107,100,RC1,QLEARNING,787629732,9,15000,11,1246.67
rc107,100,RC1,QLEARNING,787629732,9,20000,11,1244.3
rc107,100,RC1,QLEARNING,787629732,9,25000,11,1244.19
rc107,100,RC1,CLASSIC,787605975,6,5000,11,1268.32
rc107,100,RC1,CLASSIC,787605975,6,10000,11,1267.11
rc107,100,RC1,CLASSIC,787605975,6,15000,11,1256.12
rc107,100,RC1,CLASSIC,787605975,6,20000,11,1252.02
rc107,100,RC1,CLASSIC,787605975,6,25000,11,1252.02
rc108,100,RC1,CLASSIC,1045398309,10,5000,11,1185.41
rc108,100,RC1,CLASSIC,1045398309,10,10000,11,1185.41
rc108,100,RC1,CLASSIC,1045398309,10,15000,11,1161.6
rc108,100,RC1,CLASSIC,1045398309,10,20000,11,1161.6
rc108,100,RC1,CLASSIC,1045398309,10,25000,11,1161.6
rc107,100,RC1,QLEARNING,787590137,4,5000,11,1297.86
rc107,100,RC1,QLEARNING,787590137,4,10000,11,1277.75
rc107,100,RC1,QLEARNING,787590137,4,15000,11,1277.51
rc107,100,RC1,QLEARNING,787590137,4,20000,11,1261.32
rc107,100,RC1,QLEARNING,787590137,4,25000,11,1254.54
rc107,100,RC1,CLASSIC,787621813,8,5000,11,1300.74
rc107,100,RC1,CLASSIC,787621813,8,10000,11,1266.43
rc107,100,RC1,CLASSIC,787621813,8,15000,11,1260.6
rc107,100,RC1,CLASSIC,787621813,8,20000,11,1257.45
rc107,100,RC1,CLASSIC,787621813,8,25000,11,1250.49
rc107,100,RC1,QLEARNING,787613894,7,5000,12,1254.88
rc107,100,RC1,QLEARNING,787613894,7,10000,11,1260.97
rc107,100,RC1,QLEARNING,787613894,7,15000,11,1260.97
rc107,100,RC1,QLEARNING,787613894,7,20000,11,1257.74
rc107,100,RC1,QLEARNING,787613894,7,25000,11,1246.67
rc107,100,RC1,CLASSIC,787629732,9,5000,11,1267.02
rc107,100,RC1,CLASSIC,787629732,9,10000,11,1246.37
rc107,100,RC1,CLASSIC,787629732,9,15000,11,1245.98
rc107,100,RC1,CLASSIC,787629732,9,20000,11,1245.98
rc107,100,RC1,CLASSIC,787629732,9,25000,11,1244.73
rc108,100,RC1,CLASSIC,1045350795,4,5000,11,1172.3
rc108,100,RC1,CLASSIC,1045350795,4,10000,11,1145.63
rc108,100,RC1,CLASSIC,1045350795,4,15000,11,1141.68
rc108,100,RC1,CLASSIC,1045350795,4,20000,11,1141.68
rc108,100,RC1,CLASSIC,1045350795,4,25000,11,1141.68
rc108,100,RC1,QLEARNING,1045334957,2,5000,10,1158.66
rc108,100,RC1,QLEARNING,1045334957,2,10000,10,1155.28
rc108,100,RC1,QLEARNING,1045334957,2,15000,10,1155.28
rc108,100,RC1,QLEARNING,1045334957,2,20000,10,1152.48
rc108,100,RC1,QLEARNING,1045334957,2,25000,10,1140.87
rc108,100,RC1,QLEARNING,1045327038,1,5000,11,1186.99
rc108,100,RC1,QLEARNING,1045327038,1,10000,11,1151.53
rc108,100,RC1,QLEARNING,1045327038,1,15000,11,1151.53
rc108,100,RC1,QLEARNING,1045327038,1,20000,10,1153.45
rc108,100,RC1,QLEARNING,1045327038,1,25000,10,1142.55
rc108,100,RC1,CLASSIC,1045342876,3,5000,11,1159.89
rc108,100,RC1,CLASSIC,1045342876,3,10000,11,1158.26
rc108,100,RC1,CLASSIC,1045342876,3,15000,11,1158.26
rc108,100,RC1,CLASSIC,1045342876,3,20000,11,1158.26
rc108,100,RC1,CLASSIC,1045342876,3,25000,11,1158.26
rc107,100,RC1,QLEARNING,787637651,10,5000,11,1269.68
rc107,100,RC1,QLEARNING,787637651,10,10000,11,1255.23
rc107,100,RC1,QLEARNING,787637651,10,15000,11,1245.2
rc107,100,RC1,QLEARNING,787637651,10,20000,11,1244.62
rc107,100,RC1,QLEARNING,787637651,10,25000,11,1244.62
rc201,100,RC2,CLASSIC,1171548817,1,5000,4,1503.87
rc201,100,RC2,CLASSIC,1171548817,1,10000,4,1481.74
rc201,100,RC2,CLASSIC,1171548817,1,15000,4,1437.2
rc201,100,RC2,CLASSIC,1171548817,1,20000,4,1437.2
rc201,100,RC2,CLASSIC,1171548817,1,25000,4,1431.39
rc201,100,RC2,CLASSIC,1171580493,5,5000,4,1463.47
rc201,100,RC2,CLASSIC,1171580493,5,10000,4,1445.21
rc201,100,RC2,CLASSIC,1171580493,5,15000,4,1433.27
rc201,100,RC2,CLASSIC,1171580493,5,20000,4,1427.68
rc201,100,RC2,CLASSIC,1171580493,5,25000,4,1427.68
rc107,100,RC1,QLEARNING,787621813,8,5000,11,1261.45
rc107,100,RC1,QLEARNING,787621813,8,10000,11,1261.45
rc107,100,RC1,QLEARNING,787621813,8,15000,11,1256.27
rc107,100,RC1,QLEARNING,787621813,8,20000,11,1251.72
rc107,100,RC1,QLEARNING,787621813,8,25000,11,1247.45
rc108,100,RC1,CLASSIC,1045374552,7,5000,11,1165.94
rc108,100,RC1,CLASSIC,1045374552,7,10000,11,1165.94
rc108,100,RC1,CLASSIC,1045374552,7,15000,11,1165.94
rc108,100,RC1,CLASSIC,1045374552,7,20000,11,1163.34
rc108,100,RC1,CLASSIC,1045374552,7,25000,11,1163.34
rc108,100,RC1,CLASSIC,1045358714,5,5000,11,1178.3
rc108,100,RC1,CLASSIC,1045358714,5,10000,10,1155.28
rc108,100,RC1,CLASSIC,1045358714,5,15000,10,1150.8
rc108,100,RC1,CLASSIC,1045358714,5,20000,10,1139.82
rc108,100,RC1,CLASSIC,1045358714,5,25000,10,1139.82
rc201,100,RC2,QLEARNING,1171556736,2,5000,4,1457.87
rc201,100,RC2,QLEARNING,1171556736,2,10000,4,1437.13
rc201,100,RC2,QLEARNING,1171556736,2,15000,4,1428.82
rc201,100,RC2,QLEARNING,1171556736,2,20000,4,1424.37
rc201,100,RC2,QLEARNING,1171556736,2,25000,4,1424.37
rc108,100,RC1,CLASSIC,1045327038,1,5000,11,1171.23
rc108,100,RC1,CLASSIC,1045327038,1,10000,11,1171.23
rc108,100,RC1,CLASSIC,1045327038,1,15000,11,1161.18
rc108,100,RC1,CLASSIC,1045327038,1,20000,11,1159.89
rc108,100,RC1,CLASSIC,1045327038,1,25000,11,1159.89
rc201,100,RC2,QLEARNING,1171564655,3,5000,4,1482.28
rc201,100,RC2,QLEARNING,1171564655,3,10000,4,1428.92
rc201,100,RC2,QLEARNING,1171564655,3,15000,4,1428.91
rc201,100,RC2,QLEARNING,1171564655,3,20000,4,1426.43
rc201,100,RC2,QLEARNING,1171564655,3,25000,4,1426.15
rc108,100,RC1,CLASSIC,1045390390,9,5000,11,1171.48
rc108,100,RC1,CLASSIC,1045390390,9,10000,11,1168.84
rc108,100,RC1,CLASSIC,1045390390,9,15000,11,1145.71
rc108,100,RC1,CLASSIC,1045390390,9,20000,11,1141.42
rc108,100,RC1,CLASSIC,1045390390,9,25000,11,1138.57
rc108,100,RC1,QLEARNING,1045358714,5,5000,10,1156.86
rc108,100,RC1,QLEARNING,1045358714,5,10000,10,1147.35
rc108,100,RC1,QLEARNING,1045358714,5,15000,10,1147.35
rc108,100,RC1,QLEARNING,1045358714,5,20000,10,1146.82
rc108,100,RC1,QLEARNING,1045358714,5,25000,10,1146.82
rc108,100,RC1,CLASSIC,1045382471,8,5000,11,1167.4
rc108,100,RC1,CLASSIC,1045382471,8,10000,11,1167.4
rc108,100,RC1,CLASSIC,1045382471,8,15000,11,1167.4
rc108,100,RC1,CLASSIC,1045382471,8,20000,11,1167.4
rc108,100,RC1,CLASSIC,1045382471,8,25000,11,1164.56
rc108,100,RC1,CLASSIC,1045366633,6,5000,11,1159.11
rc108,100,RC1,CLASSIC,1045366633,6,10000,11,1151.94
rc108,100,RC1,CLASSIC,1045366633,6,15000,11,1151.94
rc108,100,RC1,CLASSIC,1045366633,6,20000,11,1151.94
rc108,100,RC1,CLASSIC,1045366633,6,25000,10,1147.3
rc108,100,RC1,QLEARNING,1045374552,7,5000,10,1177.23
rc108,100,RC1,QLEARNING,1045374552,7,10000,10,1142.42
rc108,100,RC1,QLEARNING,1045374552,7,15000,10,1142.42
rc108,100,RC1,QLEARNING,1045374552,7,20000,10,1141.88
rc108,100,RC1,QLEARNING,1045374552,7,25000,10,1141.88
rc108,100,RC1,QLEARNING,1045350795,4,5000,11,1192.81
rc108,100,RC1,QLEARNING,1045350795,4,10000,11,1140.53
rc108,100,RC1,QLEARNING,1045350795,4,15000,11,1137.07
rc108,100,RC1,QLEARNING,1045350795,4,20000,10,1162.53
rc108,100,RC1,QLEARNING,1045350795,4,25000,10,1157.01
rc108,100,RC1,QLEARNING,1045390390,9,5000,11,1165.57
rc108,100,RC1,QLEARNING,1045390390,9,10000,11,1154.74
rc108,100,RC1,QLEARNING,1045390390,9,15000,11,1154.74
rc108,100,RC1,QLEARNING,1045390390,9,20000,11,1136.97
rc108,100,RC1,QLEARNING,1045390390,9,25000,11,1136.97
rc108,100,RC1,QLEARNING,1045366633,6,5000,11,1168.94
rc108,100,RC1,QLEARNING,1045366633,6,10000,11,1142.68
rc108,100,RC1,QLEARNING,1045366633,6,15000,11,1142.68
rc108,100,RC1,QLEARNING,1045366633,6,20000,11,1142.68
rc108,100,RC1,QLEARNING,1045366633,6,25000,11,1142.2
rc108,100,RC1,QLEARNING,1045382471,8,5000,11,1157.18
rc108,100,RC1,QLEARNING,1045382471,8,10000,11,1155.3
rc108,100,RC1,QLEARNING,1045382471,8,15000,10,1158.43
rc108,100,RC1,QLEARNING,1045382471,8,20000,10,1154.71
rc108,100,RC1,QLEARNING,1045382471,8,25000,10,1151.96
rc201,100,RC2,CLASSIC,1171596331,7,5000,4,1465.69
rc201,100,RC2,CLASSIC,1171596331,7,10000,4,1439.88
rc201,100,RC2,CLASSIC,1171596331,7,15000,4,1438.45
rc201,100,RC2,CLASSIC,1171596331,7,20000,4,1438.45
rc201,100,RC2,CLASSIC,1171596331,7,25000,4,1438.45
rc108,100,RC1,QLEARNING,1045398309,10,5000,11,1177.88
rc108,100,RC1,QLEARNING,1045398309,10,10000,11,1140.9
rc108,100,RC1,QLEARNING,1045398309,10,15000,11,1140.9
rc108,100,RC1,QLEARNING,1045398309,10,20000,10,1155.28
rc108,100,RC1,QLEARNING,1045398309,10,25000,10,1155.28
rc201,100,RC2,CLASSIC,1171556736,2,5000,4,1503.58
rc201,100,RC2,CLASSIC,1171556736,2,10000,4,1478.0
rc201,100,RC2,CLASSIC,1171556736,2,15000,4,1477.89
rc201,100,RC2,CLASSIC,1171556736,2,20000,4,1456.42
rc201,100,RC2,CLASSIC,1171556736,2,25000,4,1450.35
rc201,100,RC2,QLEARNING,1171596331,7,5000,4,1422.22
rc201,100,RC2,QLEARNING,1171596331,7,10000,4,1422.22
rc201,100,RC2,QLEARNING,1171596331,7,15000,4,1420.3
rc201,100,RC2,QLEARNING,1171596331,7,20000,4,1416.81
rc201,100,RC2,QLEARNING,1171596331,7,25000,4,1416.81
rc201,100,RC2,QLEARNING,1171548817,1,5000,4,1465.15
rc201,100,RC2,QLEARNING,1171548817,1,10000,4,1443.51
rc201,100,RC2,QLEARNING,1171548817,1,15000,4,1419.94
rc201,100,RC2,QLEARNING,1171548817,1,20000,4,1419.94
rc201,100,RC2,QLEARNING,1171548817,1,25000,4,1419.94
rc201,100,RC2,QLEARNING,1171572574,4,5000,4,1491.86
rc201,100,RC2,QLEARNING,1171572574,4,10000,4,1462.67
rc201,100,RC2,QLEARNING,1171572574,4,15000,4,1459.36
rc201,100,RC2,QLEARNING,1171572574,4,20000,4,1425.36
rc201,100,RC2,QLEARNING,1171572574,4,25000,4,1424.14
rc201,100,RC2,QLEARNING,1171620088,10,5000,4,1416.81
rc201,100,RC2,QLEARNING,1171620088,10,10000,4,1416.81
rc201,100,RC2,QLEARNING,1171620088,10,15000,4,1416.81
rc201,100,RC2,QLEARNING,1171620088,10,20000,4,1416.81
rc201,100,RC2,QLEARNING,1171620088,10,25000,4,1416.81
rc201,100,RC2,CLASSIC,1171572574,4,5000,4,1452.69
rc201,100,RC2,CLASSIC,1171572574,4,10000,4,1452.69
rc201,100,RC2,CLASSIC,1171572574,4,15000,4,1452.35
rc201,100,RC2,CLASSIC,1171572574,4,20000,4,1438.29
rc201,100,RC2,CLASSIC,1171572574,4,25000,4,1430.67
rc201,100,RC2,CLASSIC,1171588412,6,5000,4,1494.42
rc201,100,RC2,CLASSIC,1171588412,6,10000,4,1489.54
rc201,100,RC2,CLASSIC,1171588412,6,15000,4,1482.38
rc201,100,RC2,CLASSIC,1171588412,6,20000,4,1482.38
rc201,100,RC2,CLASSIC,1171588412,6,25000,4,1477.45
rc201,100,RC2,CLASSIC,1171564655,3,5000,4,1461.74
rc201,100,RC2,CLASSIC,1171564655,3,10000,4,1461.74
rc201,100,RC2,CLASSIC,1171564655,3,15000,4,1441.72
rc201,100,RC2,CLASSIC,1171564655,3,20000,4,1440.33
rc201,100,RC2,CLASSIC,1171564655,3,25000,4,1440.33
rc201,100,RC2,QLEARNING,1171580493,5,5000,4,1451.17
rc201,100,RC2,QLEARNING,1171580493,5,10000,4,1450.91
rc201,100,RC2,QLEARNING,1171580493,5,15000,4,1425.87
rc201,100,RC2,QLEARNING,1171580493,5,20000,4,1425.87
rc201,100,RC2,QLEARNING,1171580493,5,25000,4,1425.87
rc201,100,RC2,QLEARNING,1171604250,8,5000,4,1443.85
rc201,100,RC2,QLEARNING,1171604250,8,10000,4,1443.85
rc201,100,RC2,QLEARNING,1171604250,8,15000,4,1443.85
rc201,100,RC2,QLEARNING,1171604250,8,20000,4,1443.85
rc201,100,RC2,QLEARNING,1171604250,8,25000,4,1441.19
rc201,100,RC2,QLEARNING,1171612169,9,5000,4,1490.27
rc201,100,RC2,QLEARNING,1171612169,9,10000,4,1456.06
rc201,100,RC2,QLEARNING,1171612169,9,15000,4,1444.69
rc201,100,RC2,QLEARNING,1171612169,9,20000,4,1442.8
rc201,100,RC2,QLEARNING,1171612169,9,25000,4,1435.7
rc201,100,RC2,CLASSIC,1171612169,9,5000,4,1464.06
rc201,100,RC2,CLASSIC,1171612169,9,10000,4,1435.12
rc201,100,RC2,CLASSIC,1171612169,9,15000,4,1435.12
rc201,100,RC2,CLASSIC,1171612169,9,20000,4,1435.12
rc201,100,RC2,CLASSIC,1171612169,9,25000,4,1435.12
rc201,100,RC2,CLASSIC,1171620088,10,5000,4,1499.15
rc201,100,RC2,CLASSIC,1171620088,10,10000,4,1475.32
rc201,100,RC2,CLASSIC,1171620088,10,15000,4,1428.56
rc201,100,RC2,CLASSIC,1171620088,10,20000,4,1428.56
rc201,100,RC2,CLASSIC,1171620088,10,25000,4,1428.56
rc201,100,RC2,QLEARNING,1171588412,6,5000,4,1467.05
rc201,100,RC2,QLEARNING,1171588412,6,10000,4,1436.35
rc201,100,RC2,QLEARNING,1171588412,6,15000,4,1436.35
rc201,100,RC2,QLEARNING,1171588412,6,20000,4,1419.59
rc201,100,RC2,QLEARNING,1171588412,6,25000,4,1418.49
rc201,100,RC2,CLASSIC,1171604250,8,5000,4,1474.27
rc201,100,RC2,CLASSIC,1171604250,8,10000,4,1413.86
rc201,100,RC2,CLASSIC,1171604250,8,15000,4,1413.52
rc201,100,RC2,CLASSIC,1171604250,8,20000,4,1413.52
rc201,100,RC2,CLASSIC,1171604250,8,25000,4,1413.52
rc202,100,RC2,CLASSIC,1558050503,4,5000,4,1235.3
rc202,100,RC2,CLASSIC,1558050503,4,10000,4,1221.69
rc202,100,RC2,CLASSIC,1558050503,4,15000,4,1201.16
rc202,100,RC2,CLASSIC,1558050503,4,20000,4,1162.87
rc202,100,RC2,CLASSIC,1558050503,4,25000,4,1162.87
rc202,100,RC2,CLASSIC,1558090098,9,5000,4,1251.76
rc202,100,RC2,CLASSIC,1558090098,9,10000,4,1218.54
rc202,100,RC2,CLASSIC,1558090098,9,15000,4,1187.47
rc202,100,RC2,CLASSIC,1558090098,9,20000,4,1187.47
rc202,100,RC2,CLASSIC,1558090098,9,25000,4,1186.22
rc202,100,RC2,CLASSIC,1558034665,2,5000,4,1219.12
rc202,100,RC2,CLASSIC,1558034665,2,10000,4,1210.66
rc202,100,RC2,CLASSIC,1558034665,2,15000,4,1197.08
rc202,100,RC2,CLASSIC,1558034665,2,20000,4,1197.08
rc202,100,RC2,CLASSIC,1558034665,2,25000,4,1197.08
rc202,100,RC2,QLEARNING,1558066341,6,5000,4,1163.46
rc202,100,RC2,QLEARNING,1558066341,6,10000,4,1161.29
rc202,100,RC2,QLEARNING,1558066341,6,15000,4,1161.29
rc202,100,RC2,QLEARNING,1558066341,6,20000,4,1161.29
rc202,100,RC2,QLEARNING,1558066341,6,25000,4,1161.29
rc202,100,RC2,CLASSIC,1558058422,5,5000,4,1201.83
rc202,100,RC2,CLASSIC,1558058422,5,10000,4,1195.68
rc202,100,RC2,CLASSIC,1558058422,5,15000,4,1195.68
rc202,100,RC2,CLASSIC,1558058422,5,20000,4,1192.57
rc202,100,RC2,CLASSIC,1558058422,5,25000,4,1192.57
rc202,100,RC2,CLASSIC,1558082179,8,5000,4,1195.69
rc202,100,RC2,CLASSIC,1558082179,8,10000,4,1162.8
rc202,100,RC2,CLASSIC,1558082179,8,15000,4,1162.8
rc202,100,RC2,CLASSIC,1558082179,8,20000,4,1162.8
rc202,100,RC2,CLASSIC,1558082179,8,25000,4,1162.8
rc202,100,RC2,CLASSIC,1558026746,1,5000,4,1223.77
rc202,100,RC2,CLASSIC,1558026746,1,10000,4,1223.77
rc202,100,RC2,CLASSIC,1558026746,1,15000,4,1216.33
rc202,100,RC2,CLASSIC,1558026746,1,20000,4,1216.28
rc202,100,RC2,CLASSIC,1558026746,1,25000,4,1214.18
rc202,100,RC2,CLASSIC,1558074260,7,5000,4,1222.16
rc202,100,RC2,CLASSIC,1558074260,7,10000,4,1177.79
rc202,100,RC2,CLASSIC,1558074260,7,15000,4,1177.79
rc202,100,RC2,CLASSIC,1558074260,7,20000,4,1173.03
rc202,100,RC2,CLASSIC,1558074260,7,25000,4,1173.03
rc202,100,RC2,QLEARNING,1558042584,3,5000,4,1210.34
rc202,100,RC2,QLEARNING,1558042584,3,10000,4,1180.05
rc202,100,RC2,QLEARNING,1558042584,3,15000,4,1178.42
rc202,100,RC2,QLEARNING,1558042584,3,20000,4,1167.86
rc202,100,RC2,QLEARNING,1558042584,3,25000,4,1164.06
rc202,100,RC2,QLEARNING,1558034665,2,5000,4,1221.79
rc202,100,RC2,QLEARNING,1558034665,2,10000,4,1182.84
rc202,100,RC2,QLEARNING,1558034665,2,15000,4,1182.84
rc202,100,RC2,QLEARNING,1558034665,2,20000,4,1182.84
rc202,100,RC2,QLEARNING,1558034665,2,25000,4,1165.09
rc202,100,RC2,CLASSIC,1558042584,3,5000,4,1166.99
rc202,100,RC2,CLASSIC,1558042584,3,10000,4,1166.99
rc202,100,RC2,CLASSIC,1558042584,3,15000,4,1165.98
rc202,100,RC2,CLASSIC,1558042584,3,20000,4,1165.98
rc202,100,RC2,CLASSIC,1558042584,3,25000,4,1163.62
rc202,100,RC2,QLEARNING,1558050503,4,5000,4,1169.29
rc202,100,RC2,QLEARNING,1558050503,4,10000,4,1167.75
rc202,100,RC2,QLEARNING,1558050503,4,15000,4,1167.48
rc202,100,RC2,QLEARNING,1558050503,4,20000,4,1164.02
rc202,100,RC2,QLEARNING,1558050503,4,25000,4,1164.02
rc202,100,RC2,QLEARNING,1558026746,1,5000,4,1200.56
rc202,100,RC2,QLEARNING,1558026746,1,10000,4,1196.72
rc202,100,RC2,QLEARNING,1558026746,1,15000,4,1161.29
rc202,100,RC2,QLEARNING,1558026746,1,20000,4,1161.29
rc202,100,RC2,QLEARNING,1558026746,1,25000,4,1161.29
rc202,100,RC2,QLEARNING,1558058422,5,5000,4,1203.66
rc202,100,RC2,QLEARNING,1558058422,5,10000,4,1203.66
rc202,100,RC2,QLEARNING,1558058422,5,15000,4,1165.57
rc202,100,RC2,QLEARNING,1558058422,5,20000,4,1165.57
rc202,100,RC2,QLEARNING,1558058422,5,25000,4,1161.29
rc202,100,RC2,QLEARNING,1558090098,9,5000,4,1232.52
rc202,100,RC2,QLEARNING,1558090098,9,10000,4,1173.03
rc202,100,RC2,QLEARNING,1558090098,9,15000,4,1173.03
rc202,100,RC2,QLEARNING,1558090098,9,20000,4,1171.11
rc202,100,RC2,QLEARNING,1558090098,9,25000,4,1167.31
rc202,100,RC2,QLEARNING,1558098017,10,5000,4,1204.65
rc202,100,RC2,QLEARNING,1558098017,10,10000,4,1168.56
rc202,100,RC2,QLEARNING,1558098017,10,15000,4,1165.57
rc202,100,RC2,QLEARNING,1558098017,10,20000,4,1165.57
rc202,100,RC2,QLEARNING,1558098017,10,25000,4,1165.57
rc202,100,RC2,CLASSIC,1558066341,6,5000,4,1207.0
rc202,100,RC2,CLASSIC,1558066341,6,10000,4,1207.0
rc202,100,RC2,CLASSIC,1558066341,6,15000,4,1192.36
rc202,100,RC2,CLASSIC,1558066341,6,20000,4,1190.97
rc202,100,RC2,CLASSIC,1558066341,6,25000,4,1176.2
rc202,100,RC2,QLEARNING,1558074260,7,5000,4,1164.07
rc202,100,RC2,QLEARNING,1558074260,7,10000,4,1161.29
rc202,100,RC2,QLEARNING,1558074260,7,15000,4,1161.29
rc202,100,RC2,QLEARNING,1558074260,7,20000,4,1161.29
rc202,100,RC2,QLEARNING,1558074260,7,25000,4,1161.29
rc202,100,RC2,QLEARNING,1558082179,8,5000,4,1168.58
rc202,100,RC2,QLEARNING,1558082179,8,10000,4,1168.58
rc202,100,RC2,QLEARNING,1558082179,8,15000,4,1168.58
rc202,100,RC2,QLEARNING,1558082179,8,20000,4,1166.65
rc202,100,RC2,QLEARNING,1558082179,8,25000,4,1165.57
rc202,100,RC2,CLASSIC,1558098017,10,5000,4,1232.2
rc202,100,RC2,CLASSIC,1558098017,10,10000,4,1219.18
rc202,100,RC2,CLASSIC,1558098017,10,15000,4,1194.92
rc202,100,RC2,CLASSIC,1558098017,10,20000,4,1194.92
rc202,100,RC2,CLASSIC,1558098017,10,25000,4,1191.3
rc203,100,RC2,CLASSIC,735766619,2,5000,3,1091.48
rc203,100,RC2,CLASSIC,735766619,2,10000,3,1080.45
rc203,100,RC2,CLASSIC,735766619,2,15000,3,1076.61
rc203,100,RC2,CLASSIC,735766619,2,20000,3,1076.61
rc203,100,RC2,CLASSIC,735766619,2,25000,3,1076.61
rc203,100,RC2,QLEARNING,735822052,9,5000,3,1104.3
rc203,100,RC2,QLEARNING,735822052,9,10000,3,1088.58
rc203,100,RC2,QLEARNING,735822052,9,15000,3,1087.63
rc203,100,RC2,QLEARNING,735822052,9,20000,3,1072.27
rc203,100,RC2,QLEARNING,735822052,9,25000,3,1072.01
rc205,100,RC2,CLASSIC,1119505801,2,5000,4,1350.97
rc205,100,RC2,CLASSIC,1119505801,2,10000,4,1344.63
rc205,100,RC2,CLASSIC,1119505801,2,15000,4,1344.63
rc205,100,RC2,CLASSIC,1119505801,2,20000,4,1343.2
rc205,100,RC2,CLASSIC,1119505801,2,25000,4,1340.36
rc203,100,RC2,CLASSIC,735758700,1,5000,3,1097.81
rc203,100,RC2,CLASSIC,735758700,1,10000,3,1097.81
rc203,100,RC2,CLASSIC,735758700,1,15000,3,1096.18
rc203,100,RC2,CLASSIC,735758700,1,20000,3,1092.74
rc203,100,RC2,CLASSIC,735758700,1,25000,3,1091.14
rc203,100,RC2,QLEARNING,735798295,6,5000,3,1085.91
rc203,100,RC2,QLEARNING,735798295,6,10000,3,1073.66
rc203,100,RC2,QLEARNING,735798295,6,15000,3,1072.48
rc203,100,RC2,QLEARNING,735798295,6,20000,3,1072.48
rc203,100,RC2,QLEARNING,735798295,6,25000,3,1072.48
rc205,100,RC2,CLASSIC,1119497882,1,5000,4,1357.3
rc205,100,RC2,CLASSIC,1119497882,1,10000,4,1325.89
rc205,100,RC2,CLASSIC,1119497882,1,15000,4,1325.57
rc205,100,RC2,CLASSIC,1119497882,1,20000,4,1325.57
rc205,100,RC2,CLASSIC,1119497882,1,25000,4,1325.47
rc203,100,RC2,CLASSIC,735790376,5,5000,3,1110.21
rc203,100,RC2,CLASSIC,735790376,5,10000,3,1100.83
rc203,100,RC2,CLASSIC,735790376,5,15000,3,1080.05
rc203,100,RC2,CLASSIC,735790376,5,20000,3,1078.71
rc203,100,RC2,CLASSIC,735790376,5,25000,3,1078.71
rc203,100,RC2,QLEARNING,735782457,4,5000,3,1091.01
rc203,100,RC2,QLEARNING,735782457,4,10000,3,1082.08
rc203,100,RC2,QLEARNING,735782457,4,15000,3,1074.8
rc203,100,RC2,QLEARNING,735782457,4,20000,3,1074.74
rc203,100,RC2,QLEARNING,735782457,4,25000,3,1074.74
rc203,100,RC2,QLEARNING,735790376,5,5000,3,1109.15
rc203,100,RC2,QLEARNING,735790376,5,10000,3,1091.86
rc203,100,RC2,QLEARNING,735790376,5,15000,3,1077.58
rc203,100,RC2,QLEARNING,735790376,5,20000,3,1075.87
rc203,100,RC2,QLEARNING,735790376,5,25000,3,1072.5
rc203,100,RC2,CLASSIC,735814133,8,5000,3,1085.29
rc203,100,RC2,CLASSIC,735814133,8,10000,3,1083.86
rc203,100,RC2,CLASSIC,735814133,8,15000,3,1083.86
rc203,100,RC2,CLASSIC,735814133,8,20000,3,1083.86
rc203,100,RC2,CLASSIC,735814133,8,25000,3,1083.86
rc203,100,RC2,QLEARNING,735766619,2,5000,3,1124.31
rc203,100,RC2,QLEARNING,735766619,2,10000,3,1088.04
rc203,100,RC2,QLEARNING,735766619,2,15000,3,1088.04
rc203,100,RC2,QLEARNING,735766619,2,20000,3,1066.13
rc203,100,RC2,QLEARNING,735766619,2,25000,3,1061.1
rc203,100,RC2,QLEARNING,735774538,3,5000,3,1084.55
rc203,100,RC2,QLEARNING,735774538,3,10000,3,1078.28
rc203,100,RC2,QLEARNING,735774538,3,15000,3,1078.26
rc203,100,RC2,QLEARNING,735774538,3,20000,3,1074.62
rc203,100,RC2,QLEARNING,735774538,3,25000,3,1073.58
rc205,100,RC2,CLASSIC,1119521639,4,5000,4,1384.86
rc205,100,RC2,CLASSIC,1119521639,4,10000,4,1342.22
rc205,100,RC2,CLASSIC,1119521639,4,15000,4,1335.58
rc205,100,RC2,CLASSIC,1119521639,4,20000,4,1319.74
rc205,100,RC2,CLASSIC,1119521639,4,25000,4,1319.74
rc203,100,RC2,QLEARNING,735814133,8,5000,3,1093.81
rc203,100,RC2,QLEARNING,735814133,8,10000,3,1090.62
rc203,100,RC2,QLEARNING,735814133,8,15000,3,1085.74
rc203,100,RC2,QLEARNING,735814133,8,20000,3,1085.74
rc203,100,RC2,QLEARNING,735814133,8,25000,3,1081.06
rc203,100,RC2,QLEARNING,735806214,7,5000,3,1079.95
rc203,100,RC2,QLEARNING,735806214,7,10000,3,1079.95
rc203,100,RC2,QLEARNING,735806214,7,15000,3,1078.12
rc203,100,RC2,QLEARNING,735806214,7,20000,3,1077.38
rc203,100,RC2,QLEARNING,735806214,7,25000,3,1076.06
rc203,100,RC2,QLEARNING,735829971,10,5000,3,1086.55
rc203,100,RC2,QLEARNING,735829971,10,10000,3,1072.02
rc203,100,RC2,QLEARNING,735829971,10,15000,3,1072.02
rc203,100,RC2,QLEARNING,735829971,10,20000,3,1072.02
rc203,100,RC2,QLEARNING,735829971,10,25000,3,1072.02
rc203,100,RC2,CLASSIC,735774538,3,5000,3,1112.99
rc203,100,RC2,CLASSIC,735774538,3,10000,3,1081.0
rc203,100,RC2,CLASSIC,735774538,3,15000,3,1081.0
rc203,100,RC2,CLASSIC,735774538,3,20000,3,1081.0
rc203,100,RC2,CLASSIC,735774538,3,25000,3,1081.0
rc203,100,RC2,CLASSIC,735822052,9,5000,3,1093.05
rc203,100,RC2,CLASSIC,735822052,9,10000,3,1092.26
rc203,100,RC2,CLASSIC,735822052,9,15000,3,1092.26
rc203,100,RC2,CLASSIC,735822052,9,20000,3,1089.41
rc203,100,RC2,CLASSIC,735822052,9,25000,3,1089.41
rc203,100,RC2,QLEARNING,735758700,1,5000,3,1096.63
rc203,100,RC2,QLEARNING,735758700,1,10000,3,1093.18
rc203,100,RC2,QLEARNING,735758700,1,15000,3,1085.19
rc203,100,RC2,QLEARNING,735758700,1,20000,3,1085.19
rc203,100,RC2,QLEARNING,735758700,1,25000,3,1085.19
rc205,100,RC2,QLEARNING,1119505801,2,5000,4,1343.47
rc205,100,RC2,QLEARNING,1119505801,2,10000,4,1336.64
rc205,100,RC2,QLEARNING,1119505801,2,15000,4,1335.93
rc205,100,RC2,QLEARNING,1119505801,2,20000,4,1335.93
rc205,100,RC2,QLEARNING,1119505801,2,25000,4,1333.59
rc205,100,RC2,CLASSIC,1119537477,6,5000,4,1364.88
rc205,100,RC2,CLASSIC,1119537477,6,10000,4,1320.96
rc205,100,RC2,CLASSIC,1119537477,6,15000,4,1320.96
rc205,100,RC2,CLASSIC,1119537477,6,20000,4,1320.96
rc205,100,RC2,CLASSIC,1119537477,6,25000,4,1320.96
rc205,100,RC2,CLASSIC,1119513720,3,5000,4,1348.46
rc205,100,RC2,CLASSIC,1119513720,3,10000,4,1348.46
rc205,100,RC2,CLASSIC,1119513720,3,15000,4,1317.77
rc205,100,RC2,CLASSIC,1119513720,3,20000,4,1311.64
rc205,100,RC2,CLASSIC,1119513720,3,25000,4,1311.39
rc203,100,RC2,CLASSIC,735782457,4,5000,3,1097.05
rc203,100,RC2,CLASSIC,735782457,4,10000,3,1081.6
rc203,100,RC2,CLASSIC,735782457,4,15000,3,1079.36
rc203,100,RC2,CLASSIC,735782457,4,20000,3,1079.36
rc203,100,RC2,CLASSIC,735782457,4,25000,3,1078.89
rc205,100,RC2,QLEARNING,1119513720,3,5000,4,1344.25
rc205,100,RC2,QLEARNING,1119513720,3,10000,4,1335.24
rc205,100,RC2,QLEARNING,1119513720,3,15000,4,1331.78
rc205,100,RC2,QLEARNING,1119513720,3,20000,4,1329.71
rc205,100,RC2,QLEARNING,1119513720,3,25000,4,1329.71
rc204,100,RC2,CLASSIC,901741806,3,5000,3,806.303
rc204,100,RC2,CLASSIC,901741806,3,10000,3,806.303
rc204,100,RC2,CLASSIC,901741806,3,15000,3,806.303
rc204,100,RC2,CLASSIC,901741806,3,20000,3,803.958
rc204,100,RC2,CLASSIC,901741806,3,25000,3,803.958
rc205,100,RC2,QLEARNING,1119553315,8,5000,4,1345.99
rc205,100,RC2,QLEARNING,1119553315,8,10000,4,1345.99
rc205,100,RC2,QLEARNING,1119553315,8,15000,4,1339.28
rc205,100,RC2,QLEARNING,1119553315,8,20000,4,1330.8
rc205,100,RC2,QLEARNING,1119553315,8,25000,4,1330.8
rc203,100,RC2,CLASSIC,735829971,10,5000,3,1090.88
rc203,100,RC2,CLASSIC,735829971,10,10000,3,1090.88
rc203,100,RC2,CLASSIC,735829971,10,15000,3,1076.86
rc203,100,RC2,CLASSIC,735829971,10,20000,3,1076.86
rc203,100,RC2,CLASSIC,735829971,10,25000,3,1076.86
rc205,100,RC2,QLEARNING,1119561234,9,5000,4,1361.4
rc205,100,RC2,QLEARNING,1119561234,9,10000,4,1331.48
rc205,100,RC2,QLEARNING,1119561234,9,15000,4,1326.72
rc205,100,RC2,QLEARNING,1119561234,9,20000,4,1321.37
rc205,100,RC2,QLEARNING,1119561234,9,25000,4,1319.44
rc205,100,RC2,QLEARNING,1119545396,7,5000,4,1355.04
rc205,100,RC2,QLEARNING,1119545396,7,10000,4,1336.04
rc205,100,RC2,QLEARNING,1119545396,7,15000,4,1334.18
rc205,100,RC2,QLEARNING,1119545396,7,20000,4,1331.9
rc205,100,RC2,QLEARNING,1119545396,7,25000,4,1331.9
rc203,100,RC2,CLASSIC,735798295,6,5000,3,1090.97
rc203,100,RC2,CLASSIC,735798295,6,10000,3,1080.31
rc203,100,RC2,CLASSIC,735798295,6,15000,3,1076.01
rc203,100,RC2,CLASSIC,735798295,6,20000,3,1068.52
rc203,100,RC2,CLASSIC,735798295,6,25000,3,1068.52
rc204,100,RC2,QLEARNING,901725968,1,5000,3,816.932
rc204,100,RC2,QLEARNING,901725968,1,10000,3,800.983
rc204,100,RC2,QLEARNING,901725968,1,15000,3,800.87
rc204,100,RC2,QLEARNING,901725968,1,20000,3,800.323
rc204,100,RC2,QLEARNING,901725968,1,25000,3,800.323
rc205,100,RC2,QLEARNING,1119497882,1,5000,4,1323.62
rc205,100,RC2,QLEARNING,1119497882,1,10000,4,1322.39
rc205,100,RC2,QLEARNING,1119497882,1,15000,4,1322.39
rc205,100,RC2,QLEARNING,1119497882,1,20000,4,1318.89
rc205,100,RC2,QLEARNING,1119497882,1,25000,4,1318.89
rc204,100,RC2,QLEARNING,901741806,3,5000,3,828.339
rc204,100,RC2,QLEARNING,901741806,3,10000,3,803.928
rc204,100,RC2,QLEARNING,901741806,3,15000,3,803.928
rc204,100,RC2,QLEARNING,901741806,3,20000,3,803.928
rc204,100,RC2,QLEARNING,901741806,3,25000,3,801.109
rc205,100,RC2,QLEARNING,1119537477,6,5000,4,1341.67
rc205,100,RC2,QLEARNING,1119537477,6,10000,4,1327.9
rc205,100,RC2,QLEARNING,1119537477,6,15000,4,1316.93
rc205,100,RC2,QLEARNING,1119537477,6,20000,4,1316.93
rc205,100,RC2,QLEARNING,1119537477,6,25000,4,1316.93
rc204,100,RC2,CLASSIC,901781401,8,5000,3,805.509
rc204,100,RC2,CLASSIC,901781401,8,10000,3,805.509
rc204,100,RC2,CLASSIC,901781401,8,15000,3,805.509
rc204,100,RC2,CLASSIC,901781401,8,20000,3,803.438
rc204,100,RC2,CLASSIC,901781401,8,25000,3,800.454
rc205,100,RC2,QLEARNING,1119521639,4,5000,4,1338.7
rc205,100,RC2,QLEARNING,1119521639,4,10000,4,1321.16
rc205,100,RC2,QLEARNING,1119521639,4,15000,4,1321.16
rc205,100,RC2,QLEARNING,1119521639,4,20000,4,1317.48
rc205,100,RC2,QLEARNING,1119521639,4,25000,4,1316.49
rc205,100,RC2,CLASSIC,1119553315,8,5000,4,1336.19
rc205,100,RC2,CLASSIC,1119553315,8,10000,4,1325.02
rc205,100,RC2,CLASSIC,1119553315,8,15000,4,1325.02
rc205,100,RC2,CLASSIC,1119553315,8,20000,4,1318.59
rc205,100,RC2,CLASSIC,1119553315,8,25000,4,1318.59
rc205,100,RC2,CLASSIC,1119545396,7,5000,4,1365.69
rc205,100,RC2,CLASSIC,1119545396,7,10000,4,1339.39
rc205,100,RC2,CLASSIC,1119545396,7,15000,4,1339.39
rc205,100,RC2,CLASSIC,1119545396,7,20000,4,1331.05
rc205,100,RC2,CLASSIC,1119545396,7,25000,4,1331.05
rc203,100,RC2,CLASSIC,735806214,7,5000,3,1072.21
rc203,100,RC2,CLASSIC,735806214,7,10000,3,1068.41
rc203,100,RC2,CLASSIC,735806214,7,15000,3,1068.41
rc203,100,RC2,CLASSIC,735806214,7,20000,3,1068.41
rc203,100,RC2,CLASSIC,735806214,7,25000,3,1068.41
rc204,100,RC2,CLASSIC,901725968,1,5000,3,825.063
rc204,100,RC2,CLASSIC,901725968,1,10000,3,802.948
rc204,100,RC2,CLASSIC,901725968,1,15000,3,798.78
rc204,100,RC2,CLASSIC,901725968,1,20000,3,798.78
rc204,100,RC2,CLASSIC,901725968,1,25000,3,798.78
rc204,100,RC2,QLEARNING,901757644,5,5000,3,821.337
rc204,100,RC2,QLEARNING,901757644,5,10000,3,804.698
rc204,100,RC2,QLEARNING,901757644,5,15000,3,799.394
rc204,100,RC2,QLEARNING,901757644,5,20000,3,798.563
rc204,100,RC2,QLEARNING,901757644,5,25000,3,798.563
rc205,100,RC2,CLASSIC,1119569153,10,5000,4,1380.22
rc205,100,RC2,CLASSIC,1119569153,10,10000,4,1342.64
rc205,100,RC2,CLASSIC,1119569153,10,15000,4,1342.64
rc205,100,RC2,CLASSIC,1119569153,10,20000,4,1342.64
rc205,100,RC2,CLASSIC,1119569153,10,25000,4,1340.42
rc204,100,RC2,QLEARNING,901733887,2,5000,3,810.837
rc204,100,RC2,QLEARNING,901733887,2,10000,3,807.187
rc204,100,RC2,QLEARNING,901733887,2,15000,3,802.14
rc204,100,RC2,QLEARNING,901733887,2,20000,3,802.14
rc204,100,RC2,QLEARNING,901733887,2,25000,3,799.472
rc205,100,RC2,CLASSIC,1119529558,5,5000,4,1327.97
rc205,100,RC2,CLASSIC,1119529558,5,10000,4,1327.97
rc205,100,RC2,CLASSIC,1119529558,5,15000,4,1327.97
rc205,100,RC2,CLASSIC,1119529558,5,20000,4,1327.97
rc205,100,RC2,CLASSIC,1119529558,5,25000,4,1327.97
rc205,100,RC2,QLEARNING,1119529558,5,5000,4,1358.92
rc205,100,RC2,QLEARNING,1119529558,5,10000,4,1311.32
rc205,100,RC2,QLEARNING,1119529558,5,15000,4,1311.32
rc205,100,RC2,QLEARNING,1119529558,5,20000,4,1311.32
rc205,100,RC2,QLEARNING,1119529558,5,25000,4,1310.26
rc204,100,RC2,QLEARNING,901781401,8,5000,3,846.918
rc204,100,RC2,QLEARNING,901781401,8,10000,3,801.252
rc204,100,RC2,QLEARNING,901781401,8,15000,3,800.485
rc204,100,RC2,QLEARNING,901781401,8,20000,3,799.831
rc204,100,RC2,QLEARNING,901781401,8,25000,3,799.156
rc204,100,RC2,QLEARNING,901749725,4,5000,3,815.736
rc204,100,RC2,QLEARNING,901749725,4,10000,3,799.566
rc204,100,RC2,QLEARNING,901749725,4,15000,3,799.156
rc204,100,RC2,QLEARNING,901749725,4,20000,3,799.156
rc204,100,RC2,QLEARNING,901749725,4,25000,3,799.156
rc204,100,RC2,QLEARNING,901789320,9,5000,3,806.516
rc204,100,RC2,QLEARNING,901789320,9,10000,3,806.516
rc204,100,RC2,QLEARNING,901789320,9,15000,3,804.917
rc204,100,RC2,QLEARNING,901789320,9,20000,3,802.14
rc204,100,RC2,QLEARNING,901789320,9,25000,3,799.156
rc205,100,RC2,CLASSIC,1119561234,9,5000,4,1341.38
rc205,100,RC2,CLASSIC,1119561234,9,10000,4,1341.38
rc205,100,RC2,CLASSIC,1119561234,9,15000,4,1339.62
rc205,100,RC2,CLASSIC,1119561234,9,20000,4,1339.62
rc205,100,RC2,CLASSIC,1119561234,9,25000,4,1339.62
rc205,100,RC2,QLEARNING,1119569153,10,5000,4,1364.74
rc205,100,RC2,QLEARNING,1119569153,10,10000,4,1322.75
rc205,100,RC2,QLEARNING,1119569153,10,15000,4,1320.86
rc205,100,RC2,QLEARNING,1119569153,10,20000,4,1317.95
rc205,100,RC2,QLEARNING,1119569153,10,25000,4,1317.95
rc204,100,RC2,QLEARNING,901765563,6,5000,3,817.678
rc204,100,RC2,QLEARNING,901765563,6,10000,3,807.737
rc204,100,RC2,QLEARNING,901765563,6,15000,3,805.784
rc204,100,RC2,QLEARNING,901765563,6,20000,3,800.935
rc204,100,RC2,QLEARNING,901765563,6,25000,3,799.478
rc204,100,RC2,QLEARNING,901773482,7,5000,3,832.008
rc204,100,RC2,QLEARNING,901773482,7,10000,3,821.916
rc204,100,RC2,QLEARNING,901773482,7,15000,3,811.796
rc204,100,RC2,QLEARNING,901773482,7,20000,3,804.033
rc204,100,RC2,QLEARNING,901773482,7,25000,3,804.033
rc204,100,RC2,QLEARNING,901797239,10,5000,3,813.769
rc204,100,RC2,QLEARNING,901797239,10,10000,3,801.101
rc204,100,RC2,QLEARNING,901797239,10,15000,3,799.67
rc204,100,RC2,QLEARNING,901797239,10,20000,3,799.121
rc204,100,RC2,QLEARNING,901797239,10,25000,3,799.121
rc204,100,RC2,CLASSIC,901733887,2,5000,3,806.997
rc204,100,RC2,CLASSIC,901733887,2,10000,3,798.917
rc204,100,RC2,CLASSIC,901733887,2,15000,3,798.507
rc204,100,RC2,CLASSIC,901733887,2,20000,3,798.507
rc204,100,RC2,CLASSIC,901733887,2,25000,3,798.507
rc206,100,RC2,CLASSIC,1538333649,3,5000,3,1224.05
rc206,100,RC2,CLASSIC,1538333649,3,10000,3,1190.16
rc206,100,RC2,CLASSIC,1538333649,3,15000,3,1189.07
rc206,100,RC2,CLASSIC,1538333649,3,20000,3,1174.65
rc206,100,RC2,CLASSIC,1538333649,3,25000,3,1174.65
rc204,100,RC2,CLASSIC,901765563,6,5000,3,810.382
rc204,100,RC2,CLASSIC,901765563,6,10000,3,810.382
rc204,100,RC2,CLASSIC,901765563,6,15000,3,802.832
rc204,100,RC2,CLASSIC,901765563,6,20000,3,802.516
rc204,100,RC2,CLASSIC,901765563,6,25000,3,799.609
rc204,100,RC2,CLASSIC,901797239,10,5000,3,813.898
rc204,100,RC2,CLASSIC,901797239,10,10000,3,809.829
rc204,100,RC2,CLASSIC,901797239,10,15000,3,802.165
rc204,100,RC2,CLASSIC,901797239,10,20000,3,802.165
rc204,100,RC2,CLASSIC,901797239,10,25000,3,802.165
rc204,100,RC2,CLASSIC,901749725,4,5000,3,804.783
rc204,100,RC2,CLASSIC,901749725,4,10000,3,804.231
rc204,100,RC2,CLASSIC,901749725,4,15000,3,800.507
rc204,100,RC2,CLASSIC,901749725,4,20000,3,800.507
rc204,100,RC2,CLASSIC,901749725,4,25000,3,800.507
rc204,100,RC2,CLASSIC,901789320,9,5000,3,813.387
rc204,100,RC2,CLASSIC,901789320,9,10000,3,810.581
rc204,100,RC2,CLASSIC,901789320,9,15000,3,807.375
rc204,100,RC2,CLASSIC,901789320,9,20000,3,807.375
rc204,100,RC2,CLASSIC,901789320,9,25000,3,807.375
rc206,100,RC2,CLASSIC,1538317811,1,5000,3,1191.5
rc206,100,RC2,CLASSIC,1538317811,1,10000,3,1183.82
rc206,100,RC2,CLASSIC,1538317811,1,15000,3,1169.34
rc206,100,RC2,CLASSIC,1538317811,1,20000,3,1169.34
rc206,100,RC2,CLASSIC,1538317811,1,25000,3,1169.34
rc204,100,RC2,CLASSIC,901757644,5,5000,3,835.708
rc204,100,RC2,CLASSIC,901757644,5,10000,3,812.141
rc204,100,RC2,CLASSIC,901757644,5,15000,3,803.129
rc204,100,RC2,CLASSIC,901757644,5,20000,3,803.129
rc204,100,RC2,CLASSIC,901757644,5,25000,3,803.129
rc206,100,RC2,CLASSIC,1538341568,4,5000,3,1243.72
rc206,100,RC2,CLASSIC,1538341568,4,10000,3,1184.86
rc206,100,RC2,CLASSIC,1538341568,4,15000,3,1184.86
rc206,100,RC2,CLASSIC,1538341568,4,20000,3,1184.86
rc206,100,RC2,CLASSIC,1538341568,4,25000,3,1184.86
rc206,100,RC2,CLASSIC,1538373244,8,5000,3,1196.88
rc206,100,RC2,CLASSIC,1538373244,8,10000,3,1183.75
rc206,100,RC2,CLASSIC,1538373244,8,15000,3,1183.75
rc206,100,RC2,CLASSIC,1538373244,8,20000,3,1183.75
rc206,100,RC2,CLASSIC,1538373244,8,25000,3,1183.75
rc204,100,RC2,CLASSIC,901773482,7,5000,3,816.67
rc204,100,RC2,CLASSIC,901773482,7,10000,3,813.683
rc204,100,RC2,CLASSIC,901773482,7,15000,3,804.381
rc204,100,RC2,CLASSIC,901773482,7,20000,3,804.381
rc204,100,RC2,CLASSIC,901773482,7,25000,3,800.312
rc206,100,RC2,QLEARNING,1538317811,1,5000,3,1161.64
rc206,100,RC2,QLEARNING,1538317811,1,10000,3,1153.69
rc206,100,RC2,QLEARNING,1538317811,1,15000,3,1153.69
rc206,100,RC2,QLEARNING,1538317811,1,20000,3,1153.69
rc206,100,RC2,QLEARNING,1538317811,1,25000,3,1153.69
rc206,100,RC2,CLASSIC,1538349487,5,5000,3,1195.3
rc206,100,RC2,CLASSIC,1538349487,5,10000,3,1161.36
rc206,100,RC2,CLASSIC,1538349487,5,15000,3,1161.11
rc206,100,RC2,CLASSIC,1538349487,5,20000,3,1161.11
rc206,100,RC2,CLASSIC,1538349487,5,25000,3,1159.88
rc206,100,RC2,CLASSIC,1538325730,2,5000,3,1184.08
rc206,100,RC2,CLASSIC,1538325730,2,10000,3,1184.08
rc206,100,RC2,CLASSIC,1538325730,2,15000,3,1184.08
rc206,100,RC2,CLASSIC,1538325730,2,20000,3,1184.08
rc206,100,RC2,CLASSIC,1538325730,2,25000,3,1146.32
rc206,100,RC2,QLEARNING,1538333649,3,5000,3,1158.12
rc206,100,RC2,QLEARNING,1538333649,3,10000,3,1148.15
rc206,100,RC2,QLEARNING,1538333649,3,15000,3,1146.32
rc206,100,RC2,QLEARNING,1538333649,3,20000,3,1146.32
rc206,100,RC2,QLEARNING,1538333649,3,25000,3,1146.32
rc206,100,RC2,CLASSIC,1538381163,9,5000,3,1184.97
rc206,100,RC2,CLASSIC,1538381163,9,10000,3,1181.12
rc206,100,RC2,CLASSIC,1538381163,9,15000,3,1179.03
rc206,100,RC2,CLASSIC,1538381163,9,20000,3,1178.6
rc206,100,RC2,CLASSIC,1538381163,9,25000,3,1178.6
rc206,100,RC2,CLASSIC,1538365325,7,5000,3,1146.32
rc206,100,RC2,CLASSIC,1538365325,7,10000,3,1146.32
rc206,100,RC2,CLASSIC,1538365325,7,15000,3,1146.32
rc206,100,RC2,CLASSIC,1538365325,7,20000,3,1146.32
rc206,100,RC2,CLASSIC,1538365325,7,25000,3,1146.32
rc206,100,RC2,QLEARNING,1538389082,10,5000,3,1160.29
rc206,100,RC2,QLEARNING,1538389082,10,10000,3,1157.85
rc206,100,RC2,QLEARNING,1538389082,10,15000,3,1152.03
rc206,100,RC2,QLEARNING,1538389082,10,20000,3,1152.03
rc206,100,RC2,QLEARNING,1538389082,10,25000,3,1152.03
rc206,100,RC2,QLEARNING,1538357406,6,5000,3,1175.56
rc206,100,RC2,QLEARNING,1538357406,6,10000,3,1170.05
rc206,100,RC2,QLEARNING,1538357406,6,15000,3,1170.05
rc206,100,RC2,QLEARNING,1538357406,6,20000,3,1159.03
rc206,100,RC2,QLEARNING,1538357406,6,25000,3,1156.77
rc206,100,RC2,QLEARNING,1538381163,9,5000,3,1174.86
rc206,100,RC2,QLEARNING,1538381163,9,10000,3,1165.99
rc206,100,RC2,QLEARNING,1538381163,9,15000,3,1165.99
rc206,100,RC2,QLEARNING,1538381163,9,20000,3,1165.99
rc206,100,RC2,QLEARNING,1538381163,9,25000,3,1165.99
rc206,100,RC2,QLEARNING,1538365325,7,5000,3,1215.89
rc206,100,RC2,QLEARNING,1538365325,7,10000,3,1189.07
rc206,100,RC2,QLEARNING,1538365325,7,15000,3,1146.32
rc206,100,RC2,QLEARNING,1538365325,7,20000,3,1146.32
rc206,100,RC2,QLEARNING,1538365325,7,25000,3,1146.32
rc206,100,RC2,QLEARNING,1538325730,2,5000,3,1241.47
rc206,100,RC2,QLEARNING,1538325730,2,10000,3,1197.63
rc206,100,RC2,QLEARNING,1538325730,2,15000,3,1167.14
rc206,100,RC2,QLEARNING,1538325730,2,20000,3,1153.96
rc206,100,RC2,QLEARNING,1538325730,2,25000,3,1153.69
rc206,100,RC2,QLEARNING,1538341568,4,5000,3,1191.39
rc206,100,RC2,QLEARNING,1538341568,4,10000,3,1177.16
rc206,100,RC2,QLEARNING,1538341568,4,15000,3,1176.31
rc206,100,RC2,QLEARNING,1538341568,4,20000,3,1176.31
rc206,100,RC2,QLEARNING,1538341568,4,25000,3,1168.82
rc207,100,RC2,QLEARNING,750267508,2,5000,3,1088.33
rc207,100,RC2,QLEARNING,750267508,2,10000,3,1086.83
rc207,100,RC2,QLEARNING,750267508,2,15000,3,1071.42
rc207,100,RC2,QLEARNING,750267508,2,20000,3,1071.42
rc207,100,RC2,QLEARNING,750267508,2,25000,3,1071.42
rc206,100,RC2,CLASSIC,1538357406,6,5000,3,1186.8
rc206,100,RC2,CLASSIC,1538357406,6,10000,3,1186.8
rc206,100,RC2,CLASSIC,1538357406,6,15000,3,1186.8
rc206,100,RC2,CLASSIC,1538357406,6,20000,3,1186.8
rc206,100,RC2,CLASSIC,1538357406,6,25000,3,1186.8
rc206,100,RC2,QLEARNING,1538349487,5,5000,3,1184.08
rc206,100,RC2,QLEARNING,1538349487,5,10000,3,1148.8
rc206,100,RC2,QLEARNING,1538349487,5,15000,3,1146.32
rc206,100,RC2,QLEARNING,1538349487,5,20000,3,1146.32
rc206,100,RC2,QLEARNING,1538349487,5,25000,3,1146.32
rc207,100,RC2,CLASSIC,750275427,3,5000,3,1109.58
rc207,100,RC2,CLASSIC,750275427,3,10000,3,1096.55
rc207,100,RC2,CLASSIC,750275427,3,15000,3,1089.69
rc207,100,RC2,CLASSIC,750275427,3,20000,3,1089.69
rc207,100,RC2,CLASSIC,750275427,3,25000,3,1087.65
rc207,100,RC2,CLASSIC,750299184,6,5000,3,1106.4
rc207,100,RC2,CLASSIC,750299184,6,10000,3,1079.43
rc207,100,RC2,CLASSIC,750299184,6,15000,3,1078.58
rc207,100,RC2,CLASSIC,750299184,6,20000,3,1078.58
rc207,100,RC2,CLASSIC,750299184,6,25000,3,1078.58
rc207,100,RC2,QLEARNING,750259589,1,5000,3,1116.24
rc207,100,RC2,QLEARNING,750259589,1,10000,3,1097.17
rc207,100,RC2,QLEARNING,750259589,1,15000,3,1077.98
rc207,100,RC2,QLEARNING,750259589,1,20000,3,1077.98
rc207,100,RC2,QLEARNING,750259589,1,25000,3,1077.27
rc206,100,RC2,QLEARNING,1538373244,8,5000,3,1167.58
rc206,100,RC2,QLEARNING,1538373244,8,10000,3,1165.19
rc206,100,RC2,QLEARNING,1538373244,8,15000,3,1165.19
rc206,100,RC2,QLEARNING,1538373244,8,20000,3,1165.19
rc206,100,RC2,QLEARNING,1538373244,8,25000,3,1165.19
rc207,100,RC2,QLEARNING,750330860,10,5000,3,1093.19
rc207,100,RC2,QLEARNING,750330860,10,10000,3,1093.19
rc207,100,RC2,QLEARNING,750330860,10,15000,3,1088.71
rc207,100,RC2,QLEARNING,750330860,10,20000,3,1075.8
rc207,100,RC2,QLEARNING,750330860,10,25000,3,1075.8
rc207,100,RC2,QLEARNING,750275427,3,5000,3,1091.79
rc207,100,RC2,QLEARNING,750275427,3,10000,3,1089.17
rc207,100,RC2,QLEARNING,750275427,3,15000,3,1089.17
rc207,100,RC2,QLEARNING,750275427,3,20000,3,1089.17
rc207,100,RC2,QLEARNING,750275427,3,25000,3,1089.17
rc206,100,RC2,CLASSIC,1538389082,10,5000,3,1153.69
rc206,100,RC2,CLASSIC,1538389082,10,10000,3,1153.69
rc206,100,RC2,CLASSIC,1538389082,10,15000,3,1153.69
rc206,100,RC2,CLASSIC,1538389082,10,20000,3,1153.69
rc206,100,RC2,CLASSIC,1538389082,10,25000,3,1153.69
rc207,100,RC2,QLEARNING,750315022,8,5000,3,1107.68
rc207,100,RC2,QLEARNING,750315022,8,10000,3,1099.98
rc207,100,RC2,QLEARNING,750315022,8,15000,3,1096.34
rc207,100,RC2,QLEARNING,750315022,8,20000,3,1096.34
rc207,100,RC2,QLEARNING,750315022,8,25000,3,1096.34
rc207,100,RC2,CLASSIC,750259589,1,5000,3,1102.57
rc207,100,RC2,CLASSIC,750259589,1,10000,3,1098.94
rc207,100,RC2,CLASSIC,750259589,1,15000,3,1098.94
rc207,100,RC2,CLASSIC,750259589,1,20000,3,1098.94
rc207,100,RC2,CLASSIC,750259589,1,25000,3,1094.79
rc207,100,RC2,QLEARNING,750307103,7,5000,3,1084.78
rc207,100,RC2,QLEARNING,750307103,7,10000,3,1080.75
rc207,100,RC2,QLEARNING,750307103,7,15000,3,1080.75
rc207,100,RC2,QLEARNING,750307103,7,20000,3,1080.75
rc207,100,RC2,QLEARNING,750307103,7,25000,3,1080.75
rc207,100,RC2,QLEARNING,750291265,5,5000,3,1099.16
rc207,100,RC2,QLEARNING,750291265,5,10000,3,1089.41
rc207,100,RC2,QLEARNING,750291265,5,15000,3,1089.17
rc207,100,RC2,QLEARNING,750291265,5,20000,3,1089.17
rc207,100,RC2,QLEARNING,750291265,5,25000,3,1089.17
rc207,100,RC2,QLEARNING,750283346,4,5000,3,1126.85
rc207,100,RC2,QLEARNING,750283346,4,10000,3,1116.78
rc207,100,RC2,QLEARNING,750283346,4,15000,3,1094.14
rc207,100,RC2,QLEARNING,750283346,4,20000,3,1093.55
rc207,100,RC2,QLEARNING,750283346,4,25000,3,1093.55
rc207,100,RC2,QLEARNING,750299184,6,5000,3,1097.0
rc207,100,RC2,QLEARNING,750299184,6,10000,3,1096.23
rc207,100,RC2,QLEARNING,750299184,6,15000,3,1096.23
rc207,100,RC2,QLEARNING,750299184,6,20000,3,1094.95
rc207,100,RC2,QLEARNING,750299184,6,25000,3,1094.95
rc207,100,RC2,CLASSIC,750315022,8,5000,3,1118.84
rc207,100,RC2,CLASSIC,750315022,8,10000,3,1100.99
rc207,100,RC2,CLASSIC,750315022,8,15000,3,1100.99
rc207,100,RC2,CLASSIC,750315022,8,20000,3,1100.99
rc207,100,RC2,CLASSIC,750315022,8,25000,3,1100.99
rc207,100,RC2,CLASSIC,750330860,10,5000,3,1134.67
rc207,100,RC2,CLASSIC,750330860,10,10000,3,1101.39
rc207,100,RC2,CLASSIC,750330860,10,15000,3,1095.05
rc207,100,RC2,CLASSIC,750330860,10,20000,3,1095.05
rc207,100,RC2,CLASSIC,750330860,10,25000,3,1095.05
rc207,100,RC2,QLEARNING,750322941,9,5000,3,1106.82
rc207,100,RC2,QLEARNING,750322941,9,10000,3,1090.79
rc207,100,RC2,QLEARNING,750322941,9,15000,3,1089.17
rc207,100,RC2,QLEARNING,750322941,9,20000,3,1089.17
rc207,100,RC2,QLEARNING,750322941,9,25000,3,1088.25
rc208,100,RC2,QLEARNING,1007227364,2,5000,3,849.122
rc208,100,RC2,QLEARNING,1007227364,2,10000,3,838.064
rc208,100,RC2,QLEARNING,1007227364,2,15000,3,838.064
rc208,100,RC2,QLEARNING,1007227364,2,20000,3,838.064
rc208,100,RC2,QLEARNING,1007227364,2,25000,3,834.885
rc207,100,RC2,CLASSIC,750322941,9,5000,3,1133.37
rc207,100,RC2,CLASSIC,750322941,9,10000,3,1107.17
rc207,100,RC2,CLASSIC,750322941,9,15000,3,1094.2
rc207,100,RC2,CLASSIC,750322941,9,20000,3,1089.12
rc207,100,RC2,CLASSIC,750322941,9,25000,3,1082.26
rc207,100,RC2,CLASSIC,750283346,4,5000,3,1108.88
rc207,100,RC2,CLASSIC,750283346,4,10000,3,1104.71
rc207,100,RC2,CLASSIC,750283346,4,15000,3,1104.71
rc207,100,RC2,CLASSIC,750283346,4,20000,3,1104.71
rc207,100,RC2,CLASSIC,750283346,4,25000,3,1101.35
rc208,100,RC2,QLEARNING,1007259040,6,5000,3,857.711
rc208,100,RC2,QLEARNING,1007259040,6,10000,3,850.773
rc208,100,RC2,QLEARNING,1007259040,6,15000,3,844.263
rc208,100,RC2,QLEARNING,1007259040,6,20000,3,843.372
rc208,100,RC2,QLEARNING,1007259040,6,25000,3,840.057
rc207,100,RC2,CLASSIC,750307103,7,5000,3,1127.49
rc207,100,RC2,CLASSIC,750307103,7,10000,3,1087.35
rc207,100,RC2,CLASSIC,750307103,7,15000,3,1084.81
rc207,100,RC2,CLASSIC,750307103,7,20000,3,1084.81
rc207,100,RC2,CLASSIC,750307103,7,25000,3,1084.81
rc207,100,RC2,CLASSIC,750267508,2,5000,3,1117.63
rc207,100,RC2,CLASSIC,750267508,2,10000,3,1111.17
rc207,100,RC2,CLASSIC,750267508,2,15000,3,1111.17
rc207,100,RC2,CLASSIC,750267508,2,20000,3,1091.72
rc207,100,RC2,CLASSIC,750267508,2,25000,3,1085.2
rc208,100,RC2,QLEARNING,1007219445,1,5000,3,843.464
rc208,100,RC2,QLEARNING,1007219445,1,10000,3,836.467
rc208,100,RC2,QLEARNING,1007219445,1,15000,3,831.477
rc208,100,RC2,QLEARNING,1007219445,1,20000,3,831.477
rc208,100,RC2,QLEARNING,1007219445,1,25000,3,831.477
rc208,100,RC2,CLASSIC,1007227364,2,5000,3,847.89
rc208,100,RC2,CLASSIC,1007227364,2,10000,3,829.695
rc208,100,RC2,CLASSIC,1007227364,2,15000,3,829.695
rc208,100,RC2,CLASSIC,1007227364,2,20000,3,829.695
rc208,100,RC2,CLASSIC,1007227364,2,25000,3,829.695
rc207,100,RC2,CLASSIC,750291265,5,5000,3,1120.18
rc207,100,RC2,CLASSIC,750291265,5,10000,3,1098.98
rc207,100,RC2,CLASSIC,750291265,5,15000,3,1098.7
rc207,100,RC2,CLASSIC,750291265,5,20000,3,1092.56
rc207,100,RC2,CLASSIC,750291265,5,25000,3,1092.56
rc208,100,RC2,QLEARNING,1007251121,5,5000,3,841.842
rc208,100,RC2,QLEARNING,1007251121,5,10000,3,830.492
rc208,100,RC2,QLEARNING,1007251121,5,15000,3,828.709
rc208,100,RC2,QLEARNING,1007251121,5,20000,3,828.709
rc208,100,RC2,QLEARNING,1007251121,5,25000,3,828.709
rc208,100,RC2,QLEARNING,1007235283,3,5000,3,869.67
rc208,100,RC2,QLEARNING,1007235283,3,10000,3,857.347
rc208,100,RC2,QLEARNING,1007235283,3,15000,3,853.982
rc208,100,RC2,QLEARNING,1007235283,3,20000,3,851.902
rc208,100,RC2,QLEARNING,1007235283,3,25000,3,846.639
rc208,100,RC2,QLEARNING,1007274878,8,5000,3,859.464
rc208,100,RC2,QLEARNING,1007274878,8,10000,3,846.507
rc208,100,RC2,QLEARNING,1007274878,8,15000,3,844.592
rc208,100,RC2,QLEARNING,1007274878,8,20000,3,842.758
rc208,100,RC2,QLEARNING,1007274878,8,25000,3,841.992
rc208,100,RC2,CLASSIC,1007290716,10,5000,3,889.741
rc208,100,RC2,CLASSIC,1007290716,10,10000,3,869.385
rc208,100,RC2,CLASSIC,1007290716,10,15000,3,854.102
rc208,100,RC2,CLASSIC,1007290716,10,20000,3,854.102
rc208,100,RC2,CLASSIC,1007290716,10,25000,3,846.199
rc208,100,RC2,QLEARNING,1007290716,10,5000,3,908.565
rc208,100,RC2,QLEARNING,1007290716,10,10000,3,855.784
rc208,100,RC2,QLEARNING,1007290716,10,15000,3,845.584
rc208,100,RC2,QLEARNING,1007290716,10,20000,3,845.584
rc208,100,RC2,QLEARNING,1007290716,10,25000,3,845.584
rc208,100,RC2,QLEARNING,1007266959,7,5000,3,874.213
rc208,100,RC2,QLEARNING,1007266959,7,10000,3,856.943
rc208,100,RC2,QLEARNING,1007266959,7,15000,3,854.333
rc208,100,RC2,QLEARNING,1007266959,7,20000,3,853.138
rc208,100,RC2,QLEARNING,1007266959,7,25000,3,853.138
rc208,100,RC2,CLASSIC,1007274878,8,5000,3,896.935
rc208,100,RC2,CLASSIC,1007274878,8,10000,3,873.012
rc208,100,RC2,CLASSIC,1007274878,8,15000,3,852.247
rc208,100,RC2,CLASSIC,1007274878,8,20000,3,852.247
rc208,100,RC2,CLASSIC,1007274878,8,25000,3,852.247
rc208,100,RC2,CLASSIC,1007259040,6,5000,3,949.013
rc208,100,RC2,CLASSIC,1007259040,6,10000,3,875.156
rc208,100,RC2,CLASSIC,1007259040,6,15000,3,875.156
rc208,100,RC2,CLASSIC,1007259040,6,20000,3,859.669
rc208,100,RC2,CLASSIC,1007259040,6,25000,3,858.745
rc208,100,RC2,CLASSIC,1007235283,3,5000,3,897.497
rc208,100,RC2,CLASSIC,1007235283,3,10000,3,896.652
rc208,100,RC2,CLASSIC,1007235283,3,15000,3,896.547
rc208,100,RC2,CLASSIC,1007235283,3,20000,3,865.927
rc208,100,RC2,CLASSIC,1007235283,3,25000,3,865.119
rc208,100,RC2,CLASSIC,1007219445,1,5000,3,889.285
rc208,100,RC2,CLASSIC,1007219445,1,10000,3,864.903
rc208,100,RC2,CLASSIC,1007219445,1,15000,3,864.903
rc208,100,RC2,CLASSIC,1007219445,1,20000,3,864.903
rc208,100,RC2,CLASSIC,1007219445,1,25000,3,856.747
rc208,100,RC2,QLEARNING,1007243202,4,5000,3,871.131
rc208,100,RC2,QLEARNING,1007243202,4,10000,3,862.916
rc208,100,RC2,QLEARNING,1007243202,4,15000,3,846.507
rc208,100,RC2,QLEARNING,1007243202,4,20000,3,846.349
rc208,100,RC2,QLEARNING,1007243202,4,25000,3,845.584
rc208,100,RC2,CLASSIC,1007243202,4,5000,3,882.42
rc208,100,RC2,CLASSIC,1007243202,4,10000,3,860.227
rc208,100,RC2,CLASSIC,1007243202,4,15000,3,854.834
rc208,100,RC2,CLASSIC,1007243202,4,20000,3,854.834
rc208,100,RC2,CLASSIC,1007243202,4,25000,3,854.834
rc208,100,RC2,QLEARNING,1007282797,9,5000,3,855.74
rc208,100,RC2,QLEARNING,1007282797,9,10000,3,851.38
rc208,100,RC2,QLEARNING,1007282797,9,15000,3,847.717
rc208,100,RC2,QLEARNING,1007282797,9,20000,3,844.096
rc208,100,RC2,QLEARNING,1007282797,9,25000,3,844.096
rc208,100,RC2,CLASSIC,1007282797,9,5000,3,850.03
rc208,100,RC2,CLASSIC,1007282797,9,10000,3,849.731
rc208,100,RC2,CLASSIC,1007282797,9,15000,3,849.731
rc208,100,RC2,CLASSIC,1007282797,9,20000,3,849.731
rc208,100,RC2,CLASSIC,1007282797,9,25000,3,849.731
rc208,100,RC2,CLASSIC,1007266959,7,5000,3,890.551
rc208,100,RC2,CLASSIC,1007266959,7,10000,3,847.942
rc208,100,RC2,CLASSIC,1007266959,7,15000,3,847.942
rc208,100,RC2,CLASSIC,1007266959,7,20000,3,847.942
rc208,100,RC2,CLASSIC,1007266959,7,25000,3,847.942
rc208,100,RC2,CLASSIC,1007251121,5,5000,3,899.591
rc208,100,RC2,CLASSIC,1007251121,5,10000,3,899.355
rc208,100,RC2,CLASSIC,1007251121,5,15000,3,899.355
rc208,100,RC2,CLASSIC,1007251121,5,20000,3,841.758
rc208,100,RC2,CLASSIC,1007251121,5,25000,3,841.758
